2007-01-01,2008-01-01,2009-01-01,2010-01-01,2011-01-01,2012-01-01,2013-01-01,2014-01-01,2015-01-01,2016-01-01,2017-01-01,2018-01-01,2019-01-01,2020-01-01,2021-01-01,2022-01-01,2023-01-01
sh.600000,sh.600000,sh.600000,sh.600000,sh.600000,sh.600000,sh.600000,sh.600000,sh.600000,sh.600000,sh.600000,sh.600000,sh.600000,sh.600000,sh.600000,sh.600000,sh.600000
sh.600001,sh.600001,sh.600001,sh.600001,sh.600004,sh.600004,sh.600005,sh.600008,sh.600008,sh.600005,sh.600005,sh.600008,sh.600004,sh.600004,sh.600004,sh.600009,sh.600009
sh.600004,sh.600003,sh.600004,sh.600004,sh.600005,sh.600005,sh.600009,sh.600009,sh.600009,sh.600008,sh.600008,sh.600009,sh.600009,sh.600009,sh.600009,sh.600010,sh.600010
sh.600005,sh.600004,sh.600005,sh.600005,sh.600006,sh.600008,sh.600010,sh.600010,sh.600010,sh.600009,sh.600009,sh.600010,sh.600010,sh.600010,sh.600010,sh.600011,sh.600011
sh.600006,sh.600005,sh.600006,sh.600006,sh.600008,sh.600009,sh.600011,sh.600011,sh.600011,sh.600010,sh.600010,sh.600011,sh.600011,sh.600011,sh.600011,sh.600015,sh.600015
sh.600008,sh.600006,sh.600007,sh.600008,sh.600009,sh.600010,sh.600015,sh.600015,sh.600015,sh.600011,sh.600015,sh.600015,sh.600015,sh.600015,sh.600015,sh.600016,sh.600016
sh.600009,sh.600007,sh.600008,sh.600009,sh.600010,sh.600015,sh.600016,sh.600016,sh.600016,sh.600015,sh.600016,sh.600016,sh.600016,sh.600016,sh.600016,sh.600018,sh.600018
sh.600010,sh.600008,sh.600009,sh.600010,sh.600011,sh.600016,sh.600019,sh.600018,sh.600018,sh.600016,sh.600018,sh.600018,sh.600018,sh.600018,sh.600018,sh.600019,sh.600019
sh.600011,sh.600009,sh.600010,sh.600011,sh.600015,sh.600018,sh.600022,sh.600019,sh.600019,sh.600018,sh.600019,sh.600019,sh.600019,sh.600019,sh.600019,sh.600025,sh.600025
sh.600012,sh.600010,sh.600011,sh.600015,sh.600016,sh.600019,sh.600028,sh.600027,sh.600023,sh.600019,sh.600021,sh.600021,sh.600023,sh.600023,sh.600025,sh.600028,sh.600028
sh.600015,sh.600011,sh.600012,sh.600016,sh.600017,sh.600026,sh.600029,sh.600028,sh.600027,sh.600021,sh.600023,sh.600023,sh.600025,sh.600025,sh.600027,sh.600029,sh.600029
sh.600016,sh.600012,sh.600015,sh.600017,sh.600018,sh.600028,sh.600030,sh.600029,sh.600028,sh.600023,sh.600028,sh.600028,sh.600027,sh.600027,sh.600028,sh.600030,sh.600030
sh.600018,sh.600015,sh.600016,sh.600018,sh.600019,sh.600029,sh.600031,sh.600030,sh.600029,sh.600027,sh.600029,sh.600029,sh.600028,sh.600028,sh.600029,sh.600031,sh.600031
sh.600019,sh.600016,sh.600017,sh.600019,sh.600022,sh.600030,sh.600036,sh.600031,sh.600030,sh.600028,sh.600030,sh.600030,sh.600029,sh.600029,sh.600030,sh.600036,sh.600036
sh.600020,sh.600017,sh.600018,sh.600022,sh.600026,sh.600031,sh.600037,sh.600036,sh.600031,sh.600029,sh.600031,sh.600031,sh.600030,sh.600030,sh.600031,sh.600048,sh.600048
sh.600021,sh.600018,sh.600019,sh.600026,sh.600027,sh.600036,sh.600048,sh.600048,sh.600036,sh.600030,sh.600036,sh.600036,sh.600031,sh.600031,sh.600036,sh.600050,sh.600050
sh.600022,sh.600019,sh.600020,sh.600027,sh.600028,sh.600037,sh.600050,sh.600050,sh.600038,sh.600031,sh.600037,sh.600038,sh.600036,sh.600036,sh.600048,sh.600061,sh.600061
sh.600026,sh.600020,sh.600021,sh.600028,sh.600029,sh.600048,sh.600058,sh.600058,sh.600048,sh.600036,sh.600038,sh.600048,sh.600038,sh.600038,sh.600050,sh.600079,sh.600085
sh.600027,sh.600021,sh.600022,sh.600029,sh.600030,sh.600050,sh.600062,sh.600060,sh.600050,sh.600038,sh.600048,sh.600050,sh.600048,sh.600048,sh.600061,sh.600085,sh.600089
sh.600028,sh.600022,sh.600026,sh.600030,sh.600031,sh.600058,sh.600066,sh.600062,sh.600058,sh.600048,sh.600050,sh.600061,sh.600050,sh.600050,sh.600066,sh.600104,sh.600104
sh.600029,sh.600026,sh.600027,sh.600031,sh.600033,sh.600062,sh.600068,sh.600066,sh.600060,sh.600050,sh.600060,sh.600066,sh.600061,sh.600061,sh.600068,sh.600109,sh.600111
sh.600030,sh.600027,sh.600028,sh.600033,sh.600036,sh.600066,sh.600085,sh.600068,sh.600066,sh.600060,sh.600061,sh.600068,sh.600066,sh.600066,sh.600085,sh.600111,sh.600115
sh.600031,sh.600028,sh.600029,sh.600036,sh.600037,sh.600068,sh.600089,sh.600079,sh.600068,sh.600066,sh.600066,sh.600074,sh.600068,sh.600068,sh.600104,sh.600115,sh.600132
sh.600033,sh.600029,sh.600030,sh.600037,sh.600048,sh.600085,sh.600096,sh.600085,sh.600079,sh.600068,sh.600068,sh.600085,sh.600085,sh.600085,sh.600109,sh.600118,sh.600150
sh.600035,sh.600030,sh.600031,sh.600048,sh.600050,sh.600089,sh.600100,sh.600089,sh.600085,sh.600085,sh.600074,sh.600089,sh.600089,sh.600089,sh.600111,sh.600132,sh.600161
sh.600036,sh.600031,sh.600033,sh.600050,sh.600058,sh.600096,sh.600104,sh.600096,sh.600089,sh.600089,sh.600085,sh.600100,sh.600100,sh.600100,sh.600115,sh.600143,sh.600176
sh.600037,sh.600033,sh.600036,sh.600058,sh.600062,sh.600100,sh.600108,sh.600100,sh.600100,sh.600100,sh.600089,sh.600104,sh.600104,sh.600104,sh.600118,sh.600150,sh.600183
sh.600050,sh.600035,sh.600037,sh.600066,sh.600066,sh.600104,sh.600109,sh.600104,sh.600104,sh.600104,sh.600100,sh.600109,sh.600109,sh.600109,sh.600150,sh.600161,sh.600188
sh.600057,sh.600036,sh.600048,sh.600068,sh.600068,sh.600108,sh.600111,sh.600108,sh.600108,sh.600109,sh.600104,sh.600111,sh.600111,sh.600111,sh.600161,sh.600176,sh.600196
sh.600058,sh.600037,sh.600050,sh.600085,sh.600085,sh.600109,sh.600115,sh.600109,sh.600109,sh.600111,sh.600109,sh.600115,sh.600115,sh.600115,sh.600176,sh.600183,sh.600219
sh.600060,sh.600048,sh.600058,sh.600087,sh.600087,sh.600111,sh.600118,sh.600111,sh.600111,sh.600115,sh.600111,sh.600118,sh.600118,sh.600118,sh.600177,sh.600196,sh.600276
sh.600062,sh.600050,sh.600066,sh.600089,sh.600089,sh.600115,sh.600123,sh.600115,sh.600115,sh.600118,sh.600115,sh.600153,sh.600153,sh.600153,sh.600183,sh.600233,sh.600309
sh.600073,sh.600058,sh.600068,sh.600096,sh.600096,sh.600118,sh.600125,sh.600118,sh.600118,sh.600150,sh.600118,sh.600157,sh.600157,sh.600170,sh.600196,sh.600276,sh.600332
sh.600078,sh.600060,sh.600085,sh.600100,sh.600100,sh.600123,sh.600132,sh.600123,sh.600143,sh.600153,sh.600150,sh.600170,sh.600170,sh.600176,sh.600208,sh.600299,sh.600346
sh.600085,sh.600062,sh.600087,sh.600102,sh.600102,sh.600125,sh.600143,sh.600143,sh.600150,sh.600157,sh.600153,sh.600177,sh.600176,sh.600177,sh.600233,sh.600309,sh.600352
sh.600087,sh.600066,sh.600089,sh.600104,sh.600104,sh.600132,sh.600150,sh.600150,sh.600153,sh.600166,sh.600157,sh.600188,sh.600177,sh.600183,sh.600271,sh.600332,sh.600362
sh.600088,sh.600068,sh.600096,sh.600108,sh.600108,sh.600143,sh.600153,sh.600153,sh.600157,sh.600170,sh.600170,sh.600196,sh.600188,sh.600188,sh.600276,sh.600340,sh.600383
sh.600089,sh.600078,sh.600098,sh.600109,sh.600109,sh.600150,sh.600160,sh.600157,sh.600166,sh.600177,sh.600177,sh.600208,sh.600196,sh.600196,sh.600297,sh.600346,sh.600406
sh.600091,sh.600085,sh.600100,sh.600110,sh.600111,sh.600151,sh.600166,sh.600160,sh.600170,sh.600188,sh.600188,sh.600219,sh.600208,sh.600208,sh.600299,sh.600352,sh.600426
sh.600096,sh.600087,sh.600102,sh.600111,sh.600118,sh.600153,sh.600169,sh.600166,sh.600177,sh.600196,sh.600196,sh.600221,sh.600219,sh.600219,sh.600309,sh.600362,sh.600436
sh.600098,sh.600088,sh.600104,sh.600117,sh.600123,sh.600161,sh.600170,sh.600170,sh.600188,sh.600208,sh.600208,sh.600233,sh.600221,sh.600221,sh.600332,sh.600383,sh.600438
sh.600100,sh.600096,sh.600108,sh.600118,sh.600125,sh.600166,sh.600177,sh.600177,sh.600196,sh.600221,sh.600221,sh.600271,sh.600233,sh.600233,sh.600340,sh.600406,sh.600460
sh.600102,sh.600098,sh.600109,sh.600123,sh.600132,sh.600169,sh.600183,sh.600188,sh.600208,sh.600252,sh.600252,sh.600276,sh.600271,sh.600271,sh.600346,sh.600426,sh.600489
sh.600104,sh.600100,sh.600110,sh.600125,sh.600143,sh.600170,sh.600188,sh.600196,sh.600221,sh.600256,sh.600256,sh.600297,sh.600276,sh.600276,sh.600352,sh.600436,sh.600519
sh.600108,sh.600102,sh.600111,sh.600132,sh.600150,sh.600177,sh.600196,sh.600208,sh.600252,sh.600271,sh.600271,sh.600309,sh.600297,sh.600297,sh.600362,sh.600438,sh.600547
sh.600110,sh.600104,sh.600115,sh.600143,sh.600151,sh.600183,sh.600208,sh.600216,sh.600256,sh.600276,sh.600276,sh.600332,sh.600309,sh.600299,sh.600369,sh.600482,sh.600570
sh.600115,sh.600108,sh.600117,sh.600150,sh.600153,sh.600188,sh.600216,sh.600219,sh.600267,sh.600309,sh.600297,sh.600340,sh.600332,sh.600309,sh.600383,sh.600489,sh.600584
sh.600117,sh.600110,sh.600118,sh.600151,sh.600161,sh.600196,sh.600219,sh.600221,sh.600271,sh.600315,sh.600309,sh.600352,sh.600339,sh.600332,sh.600390,sh.600519,sh.600585
sh.600121,sh.600117,sh.600123,sh.600153,sh.600166,sh.600208,sh.600221,sh.600252,sh.600276,sh.600317,sh.600332,sh.600362,sh.600340,sh.600340,sh.600406,sh.600521,sh.600588
sh.600123,sh.600118,sh.600125,sh.600158,sh.600169,sh.600216,sh.600252,sh.600256,sh.600277,sh.600332,sh.600340,sh.600369,sh.600346,sh.600346,sh.600436,sh.600522,sh.600600
sh.600125,sh.600123,sh.600132,sh.600169,sh.600170,sh.600219,sh.600256,sh.600259,sh.600309,sh.600340,sh.600352,sh.600372,sh.600352,sh.600352,sh.600438,sh.600547,sh.600606
sh.600126,sh.600125,sh.600143,sh.600170,sh.600177,sh.600220,sh.600259,sh.600266,sh.600315,sh.600350,sh.600362,sh.600373,sh.600362,sh.600362,sh.600482,sh.600570,sh.600655
sh.600132,sh.600132,sh.600150,sh.600176,sh.600183,sh.600221,sh.600266,sh.600267,sh.600316,sh.600352,sh.600369,sh.600376,sh.600369,sh.600369,sh.600487,sh.600584,sh.600660
sh.600138,sh.600143,sh.600151,sh.600177,sh.600188,sh.600239,sh.600267,sh.600271,sh.600332,sh.600362,sh.600372,sh.600383,sh.600372,sh.600372,sh.600489,sh.600585,sh.600690
sh.600143,sh.600150,sh.600153,sh.600183,sh.600196,sh.600256,sh.600271,sh.600276,sh.600340,sh.600369,sh.600373,sh.600390,sh.600383,sh.600383,sh.600498,sh.600588,sh.600741
sh.600151,sh.600151,sh.600158,sh.600188,sh.600208,sh.600266,sh.600276,sh.600309,sh.600348,sh.600372,sh.600376,sh.600406,sh.600390,sh.600390,sh.600519,sh.600600,sh.600745
sh.600153,sh.600153,sh.600169,sh.600196,sh.600210,sh.600267,sh.600307,sh.600315,sh.600352,sh.600373,sh.600383,sh.600415,sh.600398,sh.600398,sh.600522,sh.600606,sh.600760
sh.600166,sh.600160,sh.600170,sh.600208,sh.600216,sh.600269,sh.600309,sh.600316,sh.600362,sh.600383,sh.600406,sh.600436,sh.600406,sh.600406,sh.600547,sh.600655,sh.600763
sh.600170,sh.600161,sh.600177,sh.600210,sh.600219,sh.600271,sh.600315,sh.600332,sh.600369,sh.600398,sh.600415,sh.600482,sh.600415,sh.600436,sh.600570,sh.600660,sh.600795
sh.600171,sh.600170,sh.600183,sh.600216,sh.600220,sh.600276,sh.600316,sh.600340,sh.600372,sh.600406,sh.600446,sh.600485,sh.600436,sh.600438,sh.600584,sh.600690,sh.600809
sh.600177,sh.600171,sh.600188,sh.600219,sh.600221,sh.600300,sh.600320,sh.600348,sh.600373,sh.600415,sh.600482,sh.600489,sh.600438,sh.600482,sh.600585,sh.600703,sh.600837
sh.600183,sh.600177,sh.600196,sh.600220,sh.600236,sh.600307,sh.600331,sh.600352,sh.600383,sh.600485,sh.600485,sh.600498,sh.600482,sh.600487,sh.600588,sh.600705,sh.600845
sh.600188,sh.600183,sh.600208,sh.600221,sh.600239,sh.600309,sh.600348,sh.600362,sh.600395,sh.600489,sh.600489,sh.600518,sh.600487,sh.600489,sh.600600,sh.600741,sh.600886
sh.600196,sh.600188,sh.600210,sh.600236,sh.600246,sh.600312,sh.600352,sh.600369,sh.600398,sh.600518,sh.600498,sh.600519,sh.600489,sh.600498,sh.600606,sh.600745,sh.600887
sh.600198,sh.600190,sh.600219,sh.600251,sh.600251,sh.600316,sh.600362,sh.600372,sh.600406,sh.600519,sh.600518,sh.600522,sh.600498,sh.600516,sh.600637,sh.600760,sh.600893
sh.600205,sh.600196,sh.600220,sh.600256,sh.600256,sh.600320,sh.600369,sh.600376,sh.600415,sh.600535,sh.600519,sh.600535,sh.600516,sh.600519,sh.600655,sh.600763,sh.600900
sh.600207,sh.600208,sh.600221,sh.600266,sh.600266,sh.600331,sh.600372,sh.600383,sh.600436,sh.600547,sh.600535,sh.600547,sh.600518,sh.600522,sh.600660,sh.600795,sh.600905
sh.600210,sh.600210,sh.600236,sh.600269,sh.600269,sh.600348,sh.600376,sh.600395,sh.600485,sh.600549,sh.600547,sh.600549,sh.600519,sh.600535,sh.600690,sh.600809,sh.600918
sh.600215,sh.600219,sh.600256,sh.600270,sh.600271,sh.600352,sh.600383,sh.600403,sh.600489,sh.600570,sh.600570,sh.600570,sh.600522,sh.600547,sh.600703,sh.600837,sh.600919
sh.600220,sh.600220,sh.600266,sh.600271,sh.600282,sh.600362,sh.600395,sh.600406,sh.600497,sh.600578,sh.600582,sh.600583,sh.600535,sh.600566,sh.600705,sh.600845,sh.600926
sh.600221,sh.600221,sh.600269,sh.600276,sh.600300,sh.600369,sh.600406,sh.600415,sh.600498,sh.600583,sh.600583,sh.600585,sh.600547,sh.600570,sh.600741,sh.600848,sh.600941
sh.600231,sh.600236,sh.600270,sh.600282,sh.600307,sh.600376,sh.600415,sh.600436,sh.600516,sh.600585,sh.600585,sh.600588,sh.600549,sh.600583,sh.600745,sh.600872,sh.600958
sh.600236,sh.600256,sh.600271,sh.600299,sh.600309,sh.600380,sh.600418,sh.600489,sh.600518,sh.600588,sh.600588,sh.600606,sh.600566,sh.600585,sh.600760,sh.600886,sh.600989
sh.600256,sh.600266,sh.600282,sh.600307,sh.600312,sh.600383,sh.600432,sh.600497,sh.600519,sh.600600,sh.600606,sh.600637,sh.600570,sh.600588,sh.600763,sh.600887,sh.600999
sh.600266,sh.600269,sh.600307,sh.600308,sh.600316,sh.600395,sh.600456,sh.600498,sh.600535,sh.600633,sh.600637,sh.600649,sh.600583,sh.600606,sh.600795,sh.600893,sh.601006
sh.600267,sh.600270,sh.600308,sh.600309,sh.600320,sh.600406,sh.600489,sh.600516,sh.600547,sh.600637,sh.600648,sh.600660,sh.600585,sh.600637,sh.600809,sh.600900,sh.601009
sh.600269,sh.600271,sh.600309,sh.600316,sh.600325,sh.600415,sh.600497,sh.600518,sh.600549,sh.600642,sh.600649,sh.600663,sh.600588,sh.600655,sh.600837,sh.600918,sh.601012
sh.600270,sh.600282,sh.600316,sh.600320,sh.600331,sh.600418,sh.600498,sh.600519,sh.600570,sh.600648,sh.600654,sh.600674,sh.600606,sh.600660,sh.600845,sh.600919,sh.601021
sh.600271,sh.600299,sh.600320,sh.600325,sh.600348,sh.600428,sh.600500,sh.600528,sh.600578,sh.600649,sh.600660,sh.600682,sh.600637,sh.600663,sh.600848,sh.600926,sh.601066
sh.600276,sh.600307,sh.600325,sh.600331,sh.600350,sh.600432,sh.600508,sh.600535,sh.600583,sh.600660,sh.600663,sh.600685,sh.600660,sh.600674,sh.600872,sh.600958,sh.601088
sh.600282,sh.600308,sh.600331,sh.600348,sh.600352,sh.600456,sh.600516,sh.600546,sh.600585,sh.600663,sh.600666,sh.600688,sh.600674,sh.600690,sh.600886,sh.600989,sh.601100
sh.600296,sh.600309,sh.600348,sh.600350,sh.600362,sh.600481,sh.600518,sh.600547,sh.600588,sh.600674,sh.600674,sh.600690,sh.600688,sh.600703,sh.600887,sh.600999,sh.601111
sh.600299,sh.600312,sh.600350,sh.600352,sh.600369,sh.600489,sh.600519,sh.600549,sh.600597,sh.600688,sh.600685,sh.600703,sh.600690,sh.600705,sh.600893,sh.601006,sh.601117
sh.600307,sh.600316,sh.600357,sh.600357,sh.600376,sh.600497,sh.600528,sh.600582,sh.600600,sh.600690,sh.600688,sh.600704,sh.600703,sh.600733,sh.600900,sh.601009,sh.601138
sh.600308,sh.600320,sh.600362,sh.600362,sh.600380,sh.600500,sh.600535,sh.600583,sh.600633,sh.600703,sh.600690,sh.600705,sh.600704,sh.600741,sh.600918,sh.601012,sh.601155
sh.600309,sh.600331,sh.600376,sh.600376,sh.600383,sh.600508,sh.600546,sh.600585,sh.600637,sh.600705,sh.600703,sh.600739,sh.600705,sh.600760,sh.600919,sh.601021,sh.601166
sh.600320,sh.600348,sh.600377,sh.600380,sh.600395,sh.600516,sh.600547,sh.600588,sh.600642,sh.600717,sh.600704,sh.600741,sh.600739,sh.600795,sh.600926,sh.601066,sh.601169
sh.600331,sh.600350,sh.600380,sh.600383,sh.600415,sh.600517,sh.600549,sh.600597,sh.600648,sh.600718,sh.600705,sh.600795,sh.600741,sh.600809,sh.600958,sh.601077,sh.601186
sh.600333,sh.600357,sh.600383,sh.600395,sh.600418,sh.600518,sh.600550,sh.600598,sh.600649,sh.600739,sh.600718,sh.600804,sh.600760,sh.600816,sh.600989,sh.601088,sh.601211
sh.600348,sh.600361,sh.600415,sh.600415,sh.600426,sh.600519,sh.600583,sh.600600,sh.600655,sh.600741,sh.600737,sh.600816,sh.600795,sh.600837,sh.600998,sh.601100,sh.601216
sh.600350,sh.600362,sh.600418,sh.600418,sh.600428,sh.600528,sh.600585,sh.600637,sh.600660,sh.600783,sh.600739,sh.600820,sh.600809,sh.600848,sh.600999,sh.601108,sh.601225
sh.600357,sh.600380,sh.600428,sh.600426,sh.600432,sh.600535,sh.600588,sh.600642,sh.600663,sh.600795,sh.600741,sh.600827,sh.600816,sh.600867,sh.601006,sh.601111,sh.601229
sh.600361,sh.600383,sh.600432,sh.600428,sh.600456,sh.600546,sh.600595,sh.600648,sh.600664,sh.600804,sh.600754,sh.600837,sh.600837,sh.600886,sh.601009,sh.601138,sh.601236
sh.600362,sh.600410,sh.600456,sh.600432,sh.600489,sh.600547,sh.600598,sh.600649,sh.600674,sh.600820,sh.600783,sh.600871,sh.600867,sh.600887,sh.601012,sh.601155,sh.601238
sh.600377,sh.600415,sh.600489,sh.600456,sh.600497,sh.600549,sh.600600,sh.600655,sh.600688,sh.600827,sh.600795,sh.600886,sh.600886,sh.600893,sh.601021,sh.601162,sh.601288
sh.600383,sh.600418,sh.600497,sh.600489,sh.600500,sh.600550,sh.600642,sh.600660,sh.600690,sh.600837,sh.600804,sh.600887,sh.600887,sh.600900,sh.601066,sh.601166,sh.601318
sh.600399,sh.600428,sh.600500,sh.600497,sh.600508,sh.600582,sh.600649,sh.600663,sh.600703,sh.600839,sh.600816,sh.600893,sh.600893,sh.600919,sh.601077,sh.601169,sh.601319
sh.600406,sh.600432,sh.600508,sh.600500,sh.600516,sh.600583,sh.600655,sh.600664,sh.600705,sh.600863,sh.600820,sh.600895,sh.600900,sh.600926,sh.601088,sh.601186,sh.601328
sh.600408,sh.600456,sh.600519,sh.600508,sh.600517,sh.600585,sh.600660,sh.600674,sh.600718,sh.600867,sh.600827,sh.600900,sh.600909,sh.600928,sh.601100,sh.601211,sh.601336
sh.600410,sh.600460,sh.600528,sh.600516,sh.600518,sh.600588,sh.600664,sh.600688,sh.600739,sh.600873,sh.600837,sh.600909,sh.600919,sh.600958,sh.601108,sh.601216,sh.601360
sh.600415,sh.600489,sh.600535,sh.600518,sh.600519,sh.600595,sh.600674,sh.600690,sh.600741,sh.600875,sh.600839,sh.600919,sh.600926,sh.600968,sh.601111,sh.601225,sh.601377
sh.600418,sh.600497,sh.600547,sh.600519,sh.600528,sh.600598,sh.600690,sh.600694,sh.600783,sh.600886,sh.600867,sh.600926,sh.600958,sh.600977,sh.601117,sh.601229,sh.601390
sh.600428,sh.600498,sh.600548,sh.600528,sh.600547,sh.600600,sh.600694,sh.600703,sh.600795,sh.600887,sh.600871,sh.600958,sh.600977,sh.600989,sh.601138,sh.601231,sh.601398
sh.600456,sh.600500,sh.600549,sh.600547,sh.600549,sh.600635,sh.600703,sh.600705,sh.600804,sh.600893,sh.600873,sh.600959,sh.600998,sh.600998,sh.601155,sh.601236,sh.601600
sh.600460,sh.600501,sh.600550,sh.600548,sh.600550,sh.600642,sh.600718,sh.600718,sh.600809,sh.600895,sh.600875,sh.600977,sh.600999,sh.600999,sh.601162,sh.601238,sh.601601
sh.600498,sh.600508,sh.600569,sh.600549,sh.600569,sh.600649,sh.600739,sh.600739,sh.600827,sh.600900,sh.600886,sh.600999,sh.601006,sh.601006,sh.601166,sh.601288,sh.601618
sh.600500,sh.600519,sh.600583,sh.600550,sh.600583,sh.600655,sh.600741,sh.600741,sh.600832,sh.600958,sh.600887,sh.601006,sh.601009,sh.601009,sh.601169,sh.601318,sh.601628
sh.600508,sh.600521,sh.600585,sh.600569,sh.600585,sh.600660,sh.600770,sh.600783,sh.600837,sh.600959,sh.600893,sh.601009,sh.601012,sh.601012,sh.601186,sh.601319,sh.601633
sh.600519,sh.600528,sh.600591,sh.600582,sh.600588,sh.600664,sh.600779,sh.600795,sh.600839,sh.600998,sh.600895,sh.601012,sh.601018,sh.601018,sh.601198,sh.601328,sh.601658
sh.600521,sh.600535,sh.600595,sh.600583,sh.600595,sh.600674,sh.600783,sh.600804,sh.600863,sh.600999,sh.600900,sh.601018,sh.601021,sh.601021,sh.601211,sh.601336,sh.601668
sh.600535,sh.600547,sh.600596,sh.600585,sh.600596,sh.600675,sh.600795,sh.600809,sh.600867,sh.601006,sh.600958,sh.601021,sh.601066,sh.601066,sh.601216,sh.601360,sh.601669
sh.600548,sh.600549,sh.600597,sh.600588,sh.600597,sh.600690,sh.600804,sh.600811,sh.600873,sh.601009,sh.600959,sh.601088,sh.601088,sh.601088,sh.601225,sh.601377,sh.601688
sh.600549,sh.600550,sh.600598,sh.600595,sh.600598,sh.600694,sh.600809,sh.600827,sh.600875,sh.601016,sh.600999,sh.601099,sh.601108,sh.601108,sh.601229,sh.601390,sh.601698
sh.600550,sh.600569,sh.600600,sh.600596,sh.600600,sh.600703,sh.600811,sh.600832,sh.600880,sh.601018,sh.601006,sh.601111,sh.601111,sh.601111,sh.601231,sh.601398,sh.601728
sh.600569,sh.600583,sh.600601,sh.600597,sh.600601,sh.600717,sh.600812,sh.600837,sh.600886,sh.601021,sh.601009,sh.601117,sh.601117,sh.601117,sh.601236,sh.601555,sh.601766
sh.600578,sh.600585,sh.600611,sh.600598,sh.600611,sh.600718,sh.600827,sh.600839,sh.600887,sh.601088,sh.601018,sh.601118,sh.601138,sh.601138,sh.601238,sh.601600,sh.601788
sh.600581,sh.600588,sh.600616,sh.600600,sh.600631,sh.600737,sh.600832,sh.600859,sh.600893,sh.601098,sh.601021,sh.601155,sh.601155,sh.601155,sh.601288,sh.601601,sh.601799
sh.600583,sh.600591,sh.600628,sh.600601,sh.600635,sh.600739,sh.600837,sh.600863,sh.600900,sh.601099,sh.601088,sh.601163,sh.601166,sh.601162,sh.601318,sh.601607,sh.601800
sh.600585,sh.600596,sh.600631,sh.600611,sh.600642,sh.600741,sh.600839,sh.600873,sh.600998,sh.601106,sh.601099,sh.601166,sh.601169,sh.601166,sh.601319,sh.601618,sh.601808
sh.600588,sh.600597,sh.600635,sh.600616,sh.600643,sh.600779,sh.600859,sh.600875,sh.600999,sh.601111,sh.601111,sh.601169,sh.601186,sh.601169,sh.601328,sh.601628,sh.601816
sh.600591,sh.600598,sh.600638,sh.600631,sh.600649,sh.600795,sh.600863,sh.600886,sh.601006,sh.601117,sh.601118,sh.601186,sh.601198,sh.601186,sh.601336,sh.601633,sh.601818
sh.600597,sh.600600,sh.600639,sh.600635,sh.600655,sh.600804,sh.600873,sh.600887,sh.601009,sh.601118,sh.601127,sh.601198,sh.601211,sh.601198,sh.601360,sh.601658,sh.601825
sh.600598,sh.600601,sh.600642,sh.600638,sh.600657,sh.600808,sh.600875,sh.600893,sh.601018,sh.601158,sh.601155,sh.601211,sh.601212,sh.601211,sh.601377,sh.601668,sh.601838
sh.600600,sh.600616,sh.600643,sh.600639,sh.600660,sh.600809,sh.600881,sh.600895,sh.601088,sh.601166,sh.601166,sh.601212,sh.601216,sh.601212,sh.601390,sh.601669,sh.601857
sh.600601,sh.600628,sh.600649,sh.600642,sh.600663,sh.600811,sh.600887,sh.600900,sh.601098,sh.601169,sh.601169,sh.601216,sh.601225,sh.601216,sh.601398,sh.601688,sh.601865
sh.600602,sh.600631,sh.600653,sh.600643,sh.600664,sh.600812,sh.600893,sh.600970,sh.601111,sh.601179,sh.601186,sh.601225,sh.601228,sh.601225,sh.601555,sh.601696,sh.601868
sh.600616,sh.600635,sh.600655,sh.600649,sh.600674,sh.600823,sh.600895,sh.600971,sh.601117,sh.601186,sh.601198,sh.601228,sh.601229,sh.601229,sh.601577,sh.601698,sh.601877
sh.600621,sh.600639,sh.600660,sh.600653,sh.600675,sh.600827,sh.600900,sh.600997,sh.601118,sh.601198,sh.601211,sh.601229,sh.601238,sh.601236,sh.601600,sh.601727,sh.601878
sh.600627,sh.600642,sh.600663,sh.600655,sh.600688,sh.600832,sh.600970,sh.600999,sh.601158,sh.601211,sh.601216,sh.601288,sh.601288,sh.601238,sh.601601,sh.601766,sh.601881
sh.600628,sh.600643,sh.600675,sh.600660,sh.600690,sh.600837,sh.600971,sh.601001,sh.601166,sh.601216,sh.601225,sh.601318,sh.601318,sh.601288,sh.601607,sh.601788,sh.601888
sh.600631,sh.600649,sh.600685,sh.600663,sh.600694,sh.600839,sh.600997,sh.601006,sh.601168,sh.601225,sh.601258,sh.601328,sh.601328,sh.601298,sh.601618,sh.601799,sh.601898
sh.600635,sh.600653,sh.600688,sh.600664,sh.600717,sh.600859,sh.600999,sh.601009,sh.601169,sh.601231,sh.601288,sh.601333,sh.601333,sh.601318,sh.601628,sh.601800,sh.601899
sh.600637,sh.600655,sh.600690,sh.600674,sh.600718,sh.600863,sh.601001,sh.601018,sh.601179,sh.601238,sh.601318,sh.601336,sh.601336,sh.601319,sh.601633,sh.601808,sh.601901
sh.600639,sh.600660,sh.600694,sh.600675,sh.600737,sh.600875,sh.601006,sh.601088,sh.601186,sh.601258,sh.601328,sh.601375,sh.601360,sh.601328,sh.601658,sh.601816,sh.601916
sh.600642,sh.600662,sh.600717,sh.600685,sh.600739,sh.600879,sh.601009,sh.601098,sh.601216,sh.601288,sh.601333,sh.601377,sh.601377,sh.601336,sh.601668,sh.601818,sh.601919
sh.600643,sh.600663,sh.600718,sh.600688,sh.600741,sh.600881,sh.601018,sh.601099,sh.601225,sh.601318,sh.601336,sh.601390,sh.601390,sh.601360,sh.601669,sh.601838,sh.601939
sh.600649,sh.600675,sh.600739,sh.600690,sh.600748,sh.600887,sh.601088,sh.601101,sh.601231,sh.601328,sh.601377,sh.601398,sh.601398,sh.601377,sh.601688,sh.601857,sh.601966
sh.600652,sh.600685,sh.600741,sh.600694,sh.600779,sh.600893,sh.601098,sh.601106,sh.601258,sh.601333,sh.601390,sh.601555,sh.601555,sh.601390,sh.601696,sh.601872,sh.601985
sh.600653,sh.600688,sh.600747,sh.600717,sh.600795,sh.600895,sh.601099,sh.601111,sh.601288,sh.601336,sh.601398,sh.601600,sh.601600,sh.601398,sh.601698,sh.601877,sh.601988
sh.600654,sh.600690,sh.600748,sh.600718,sh.600804,sh.600900,sh.601101,sh.601117,sh.601299,sh.601377,sh.601555,sh.601601,sh.601601,sh.601555,sh.601727,sh.601878,sh.601989
sh.600655,sh.600694,sh.600761,sh.600737,sh.600808,sh.600970,sh.601106,sh.601118,sh.601318,sh.601390,sh.601600,sh.601607,sh.601607,sh.601577,sh.601766,sh.601881,sh.601995
sh.600660,sh.600717,sh.600770,sh.600739,sh.600809,sh.600971,sh.601111,sh.601139,sh.601328,sh.601398,sh.601601,sh.601608,sh.601611,sh.601600,sh.601788,sh.601888,sh.601998
sh.600662,sh.600718,sh.600779,sh.600741,sh.600811,sh.600997,sh.601117,sh.601158,sh.601333,sh.601555,sh.601607,sh.601611,sh.601618,sh.601601,sh.601800,sh.601899,sh.603019
sh.600663,sh.600739,sh.600780,sh.600748,sh.600812,sh.600998,sh.601118,sh.601166,sh.601336,sh.601600,sh.601608,sh.601618,sh.601628,sh.601607,sh.601808,sh.601901,sh.603087
sh.600674,sh.600741,sh.600787,sh.600770,sh.600820,sh.600999,sh.601158,sh.601168,sh.601377,sh.601601,sh.601611,sh.601628,sh.601633,sh.601618,sh.601816,sh.601916,sh.603160
sh.600675,sh.600747,sh.600795,sh.600779,sh.600832,sh.601001,sh.601166,sh.601169,sh.601390,sh.601607,sh.601618,sh.601633,sh.601668,sh.601628,sh.601818,sh.601919,sh.603185
sh.600688,sh.600748,sh.600797,sh.600782,sh.600835,sh.601006,sh.601168,sh.601186,sh.601398,sh.601608,sh.601628,sh.601668,sh.601669,sh.601633,sh.601838,sh.601933,sh.603195
sh.600690,sh.600754,sh.600804,sh.600795,sh.600837,sh.601009,sh.601169,sh.601231,sh.601555,sh.601618,sh.601633,sh.601669,sh.601688,sh.601668,sh.601857,sh.601939,sh.603259
sh.600694,sh.600761,sh.600808,sh.600804,sh.600839,sh.601018,sh.601179,sh.601238,sh.601600,sh.601628,sh.601668,sh.601688,sh.601727,sh.601669,sh.601872,sh.601985,sh.603260
sh.600717,sh.600770,sh.600809,sh.600808,sh.600863,sh.601088,sh.601186,sh.601258,sh.601601,sh.601633,sh.601669,sh.601718,sh.601766,sh.601688,sh.601877,sh.601988,sh.603288
sh.600718,sh.600779,sh.600811,sh.600809,sh.600875,sh.601098,sh.601216,sh.601288,sh.601607,sh.601668,sh.601688,sh.601727,sh.601788,sh.601698,sh.601878,sh.601989,sh.603290
sh.600724,sh.600780,sh.600812,sh.600811,sh.600879,sh.601101,sh.601233,sh.601299,sh.601618,sh.601669,sh.601718,sh.601766,sh.601800,sh.601727,sh.601881,sh.601990,sh.603369
sh.600739,sh.600786,sh.600820,sh.600812,sh.600881,sh.601106,sh.601258,sh.601318,sh.601628,sh.601688,sh.601727,sh.601788,sh.601808,sh.601766,sh.601888,sh.601995,sh.603392
sh.600740,sh.600787,sh.600832,sh.600816,sh.600886,sh.601107,sh.601268,sh.601328,sh.601633,sh.601699,sh.601766,sh.601800,sh.601818,sh.601788,sh.601899,sh.601998,sh.603486
sh.600741,sh.600795,sh.600835,sh.600820,sh.600895,sh.601111,sh.601288,sh.601333,sh.601668,sh.601718,sh.601788,sh.601818,sh.601828,sh.601800,sh.601901,sh.603019,sh.603501
sh.600747,sh.600797,sh.600837,sh.600832,sh.600900,sh.601117,sh.601299,sh.601336,sh.601669,sh.601727,sh.601800,sh.601857,sh.601838,sh.601808,sh.601916,sh.603087,sh.603659
sh.600754,sh.600808,sh.600839,sh.600835,sh.600970,sh.601118,sh.601318,sh.601369,sh.601688,sh.601766,sh.601818,sh.601866,sh.601857,sh.601818,sh.601919,sh.603160,sh.603799
sh.600770,sh.600809,sh.600851,sh.600837,sh.600997,sh.601158,sh.601328,sh.601377,sh.601699,sh.601788,sh.601857,sh.601872,sh.601877,sh.601828,sh.601933,sh.603195,sh.603806
sh.600779,sh.600811,sh.600859,sh.600839,sh.600999,sh.601166,sh.601333,sh.601390,sh.601727,sh.601800,sh.601866,sh.601877,sh.601878,sh.601838,sh.601939,sh.603233,sh.603833
sh.600780,sh.600812,sh.600863,sh.600859,sh.601001,sh.601168,sh.601336,sh.601398,sh.601766,sh.601808,sh.601872,sh.601878,sh.601881,sh.601857,sh.601985,sh.603259,sh.603882
sh.600786,sh.600820,sh.600874,sh.600874,sh.601003,sh.601169,sh.601369,sh.601555,sh.601800,sh.601818,sh.601877,sh.601881,sh.601888,sh.601877,sh.601988,sh.603288,sh.603899
sh.600795,sh.600832,sh.600875,sh.600875,sh.601006,sh.601179,sh.601377,sh.601600,sh.601808,sh.601857,sh.601888,sh.601888,sh.601898,sh.601878,sh.601989,sh.603338,sh.603986
sh.600797,sh.600835,sh.600879,sh.600879,sh.601009,sh.601186,sh.601390,sh.601601,sh.601818,sh.601866,sh.601899,sh.601898,sh.601899,sh.601881,sh.601990,sh.603369,sh.603993
sh.600808,sh.600837,sh.600881,sh.600881,sh.601088,sh.601268,sh.601398,sh.601607,sh.601857,sh.601872,sh.601901,sh.601899,sh.601901,sh.601888,sh.601998,sh.603392,sh.605499
sh.600809,sh.600839,sh.600886,sh.600886,sh.601099,sh.601288,sh.601555,sh.601618,sh.601866,sh.601888,sh.601919,sh.601901,sh.601919,sh.601898,sh.603019,sh.603501,sh.688005
sh.600811,sh.600851,sh.600887,sh.600895,sh.601107,sh.601299,sh.601558,sh.601628,sh.601888,sh.601898,sh.601928,sh.601919,sh.601933,sh.601899,sh.603087,sh.603517,sh.688008
sh.600812,sh.600859,sh.600895,sh.600900,sh.601111,sh.601318,sh.601566,sh.601633,sh.601898,sh.601899,sh.601933,sh.601933,sh.601939,sh.601901,sh.603156,sh.603658,sh.688012
sh.600820,sh.600863,sh.600900,sh.600970,sh.601117,sh.601328,sh.601600,sh.601666,sh.601899,sh.601901,sh.601939,sh.601939,sh.601985,sh.601919,sh.603160,sh.603659,sh.688036
sh.600832,sh.600868,sh.600961,sh.600997,sh.601139,sh.601333,sh.601601,sh.601668,sh.601901,sh.601919,sh.601958,sh.601958,sh.601988,sh.601933,sh.603195,sh.603799,sh.688065
sh.600834,sh.600874,sh.600978,sh.601001,sh.601166,sh.601369,sh.601607,sh.601669,sh.601928,sh.601928,sh.601985,sh.601966,sh.601989,sh.601939,sh.603259,sh.603806,sh.688111
sh.600835,sh.600875,sh.600997,sh.601005,sh.601168,sh.601377,sh.601618,sh.601688,sh.601929,sh.601933,sh.601988,sh.601985,sh.601991,sh.601985,sh.603288,sh.603833,sh.688126
sh.600839,sh.600879,sh.601001,sh.601006,sh.601169,sh.601390,sh.601628,sh.601699,sh.601933,sh.601939,sh.601989,sh.601988,sh.601992,sh.601988,sh.603369,sh.603882,sh.688169
sh.600851,sh.600881,sh.601003,sh.601009,sh.601179,sh.601398,sh.601633,sh.601717,sh.601939,sh.601958,sh.601998,sh.601989,sh.601997,sh.601989,sh.603392,sh.603899,sh.688363
sh.600854,sh.600886,sh.601005,sh.601088,sh.601186,sh.601519,sh.601666,sh.601766,sh.601958,sh.601969,sh.603000,sh.601991,sh.601998,sh.601992,sh.603501,sh.603939,sh.688396
sh.600863,sh.600887,sh.601006,sh.601111,sh.601288,sh.601558,sh.601668,sh.601800,sh.601988,sh.601985,sh.603885,sh.601992,sh.603156,sh.601997,sh.603658,sh.603986,sh.688561
sh.600868,sh.600895,sh.601009,sh.601166,sh.601299,sh.601600,sh.601669,sh.601808,sh.601989,sh.601988,sh.603993,sh.601997,sh.603160,sh.601998,sh.603799,sh.603993,sh.688599
sh.600871,sh.600900,sh.601088,sh.601168,sh.601318,sh.601601,sh.601688,sh.601818,sh.601992,sh.601989,sz.000001,sh.601998,sh.603259,sh.603019,sh.603833,sh.688008,sh.688981
sh.600874,sh.600961,sh.601111,sh.601169,sh.601328,sh.601607,sh.601699,sh.601857,sh.601998,sh.601991,sz.000002,sh.603160,sh.603260,sh.603156,sh.603899,sh.688009,sz.000001
sh.600875,sh.600997,sh.601166,sh.601186,sh.601333,sh.601618,sh.601717,sh.601866,sh.603000,sh.601992,sz.000008,sh.603799,sh.603288,sh.603160,sh.603986,sh.688012,sz.000002
sh.600879,sh.601001,sh.601168,sh.601318,sh.601390,sh.601628,sh.601718,sh.601888,sh.603288,sh.601998,sz.000009,sh.603833,sh.603799,sh.603259,sh.603993,sh.688036,sz.000063
sh.600881,sh.601002,sh.601169,sh.601328,sh.601398,sh.601666,sh.601766,sh.601898,sh.603699,sh.603000,sz.000027,sh.603858,sh.603833,sh.603260,sh.688008,sh.688111,sz.000066
sh.600884,sh.601006,sh.601318,sh.601333,sh.601588,sh.601668,sh.601788,sh.601899,sh.603993,sh.603288,sz.000039,sh.603993,sh.603858,sh.603288,sh.688009,sh.688126,sz.000069
sh.600886,sh.601088,sh.601328,sh.601390,sh.601600,sh.601688,sh.601808,sh.601901,sz.000001,sh.603885,sz.000060,sz.000001,sh.603986,sh.603501,sh.688012,sh.688169,sz.000100
sh.600887,sh.601111,sh.601333,sh.601398,sh.601601,sh.601699,sh.601818,sh.601918,sz.000002,sh.603993,sz.000061,sz.000002,sh.603993,sh.603799,sh.688036,sh.688363,sz.000157
sh.600894,sh.601166,sh.601390,sh.601588,sh.601607,sh.601717,sh.601857,sh.601928,sz.000009,sz.000001,sz.000063,sz.000008,sz.000001,sh.603833,sz.000001,sh.688396,sz.000166
sh.600895,sh.601318,sh.601398,sh.601600,sh.601618,sh.601718,sh.601866,sh.601933,sz.000024,sz.000002,sz.000069,sz.000060,sz.000002,sh.603899,sz.000002,sz.000001,sz.000301
sh.600900,sh.601328,sh.601588,sh.601601,sh.601628,sh.601727,sh.601888,sh.601939,sz.000027,sz.000009,sz.000100,sz.000063,sz.000063,sh.603986,sz.000063,sz.000002,sz.000333
sh.600970,sh.601333,sh.601600,sh.601628,sh.601666,sh.601766,sh.601898,sh.601958,sz.000039,sz.000024,sz.000156,sz.000069,sz.000069,sh.603993,sz.000066,sz.000063,sz.000338
sh.600997,sh.601398,sh.601601,sh.601666,sh.601668,sh.601788,sh.601899,sh.601988,sz.000060,sz.000027,sz.000157,sz.000100,sz.000100,sz.000001,sz.000069,sz.000066,sz.000408
sh.601006,sh.601588,sh.601628,sh.601699,sh.601688,sh.601808,sh.601901,sh.601989,sz.000061,sz.000039,sz.000166,sz.000157,sz.000157,sz.000002,sz.000100,sz.000069,sz.000425
sh.601398,sh.601600,sh.601666,sh.601727,sh.601699,sh.601818,sh.601918,sh.601991,sz.000063,sz.000046,sz.000333,sz.000166,sz.000166,sz.000063,sz.000157,sz.000100,sz.000538
sh.601607,sh.601607,sh.601699,sh.601766,sh.601727,sh.601857,sh.601919,sh.601992,sz.000069,sz.000060,sz.000338,sz.000333,sz.000333,sz.000069,sz.000166,sz.000157,sz.000568
sh.601988,sh.601628,sh.601808,sh.601808,sh.601766,sh.601866,sh.601928,sh.601998,sz.000100,sz.000061,sz.000402,sz.000338,sz.000338,sz.000100,sz.000333,sz.000166,sz.000596
sz.000001,sh.601666,sh.601857,sh.601857,sh.601788,sh.601888,sh.601933,sh.603000,sz.000156,sz.000063,sz.000413,sz.000402,sz.000402,sz.000157,sz.000338,sz.000333,sz.000625
sz.000002,sh.601699,sh.601866,sh.601866,sh.601801,sh.601898,sh.601939,sh.603993,sz.000157,sz.000069,sz.000415,sz.000413,sz.000408,sz.000166,sz.000425,sz.000338,sz.000651
sz.000009,sh.601857,sh.601872,sh.601872,sh.601808,sh.601899,sh.601958,sz.000001,sz.000333,sz.000100,sz.000423,sz.000415,sz.000413,sz.000333,sz.000538,sz.000425,sz.000661
sz.000012,sh.601872,sh.601898,sh.601898,sh.601857,sh.601918,sh.601988,sz.000002,sz.000338,sz.000156,sz.000425,sz.000423,sz.000415,sz.000338,sz.000568,sz.000538,sz.000703
sz.000021,sh.601988,sh.601918,sh.601899,sh.601866,sh.601919,sh.601989,sz.000009,sz.000400,sz.000157,sz.000503,sz.000425,sz.000423,sz.000413,sz.000596,sz.000568,sz.000708
sz.000022,sh.601991,sh.601919,sh.601918,sh.601872,sh.601933,sh.601991,sz.000012,sz.000401,sz.000166,sz.000538,sz.000503,sz.000425,sz.000415,sz.000625,sz.000596,sz.000725
sz.000024,sh.601998,sh.601939,sh.601919,sh.601877,sh.601939,sh.601992,sz.000024,sz.000402,sz.000333,sz.000540,sz.000538,sz.000503,sz.000423,sz.000627,sz.000625,sz.000768
sz.000027,sz.000001,sh.601988,sh.601939,sh.601888,sh.601958,sh.601998,sz.000039,sz.000413,sz.000338,sz.000555,sz.000540,sz.000538,sz.000425,sz.000651,sz.000651,sz.000776
sz.000029,sz.000002,sh.601991,sh.601958,sh.601898,sh.601988,sz.000001,sz.000046,sz.000423,sz.000400,sz.000559,sz.000559,sz.000553,sz.000538,sz.000656,sz.000656,sz.000786
sz.000031,sz.000009,sh.601998,sh.601988,sh.601899,sh.601989,sz.000002,sz.000060,sz.000425,sz.000402,sz.000568,sz.000568,sz.000568,sz.000568,sz.000661,sz.000661,sz.000792
sz.000036,sz.000012,sz.000001,sh.601991,sh.601918,sh.601998,sz.000009,sz.000061,sz.000503,sz.000413,sz.000623,sz.000623,sz.000625,sz.000596,sz.000671,sz.000703,sz.000800
sz.000039,sz.000021,sz.000002,sh.601998,sh.601919,sz.000001,sz.000012,sz.000063,sz.000536,sz.000415,sz.000625,sz.000625,sz.000627,sz.000625,sz.000703,sz.000708,sz.000858
sz.000059,sz.000024,sz.000009,sz.000001,sh.601939,sz.000002,sz.000021,sz.000069,sz.000538,sz.000423,sz.000627,sz.000627,sz.000630,sz.000627,sz.000708,sz.000725,sz.000876
sz.000060,sz.000027,sz.000012,sz.000002,sh.601958,sz.000009,sz.000024,sz.000100,sz.000559,sz.000425,sz.000630,sz.000630,sz.000651,sz.000629,sz.000723,sz.000728,sz.000877
sz.000061,sz.000029,sz.000021,sz.000009,sh.601988,sz.000012,sz.000039,sz.000156,sz.000562,sz.000503,sz.000651,sz.000651,sz.000661,sz.000630,sz.000725,sz.000768,sz.000895
sz.000063,sz.000031,sz.000024,sz.000012,sh.601989,sz.000021,sz.000046,sz.000157,sz.000568,sz.000538,sz.000671,sz.000671,sz.000671,sz.000651,sz.000728,sz.000776,sz.000938
sz.000066,sz.000036,sz.000027,sz.000021,sh.601991,sz.000024,sz.000059,sz.000333,sz.000581,sz.000539,sz.000686,sz.000686,sz.000703,sz.000656,sz.000768,sz.000783,sz.000963
sz.000068,sz.000039,sz.000031,sz.000024,sh.601998,sz.000027,sz.000060,sz.000338,sz.000598,sz.000540,sz.000709,sz.000709,sz.000709,sz.000661,sz.000776,sz.000786,sz.000977
sz.000069,sz.000046,sz.000036,sz.000027,sz.000001,sz.000031,sz.000061,sz.000400,sz.000623,sz.000559,sz.000712,sz.000723,sz.000725,sz.000671,sz.000783,sz.000800,sz.001289
sz.000088,sz.000059,sz.000039,sz.000031,sz.000002,sz.000039,sz.000063,sz.000401,sz.000625,sz.000568,sz.000718,sz.000725,sz.000728,sz.000703,sz.000786,sz.000858,sz.001979
sz.000089,sz.000060,sz.000046,sz.000039,sz.000009,sz.000059,sz.000069,sz.000402,sz.000629,sz.000581,sz.000725,sz.000728,sz.000768,sz.000709,sz.000858,sz.000860,sz.002001
sz.000099,sz.000061,sz.000059,sz.000046,sz.000012,sz.000060,sz.000100,sz.000423,sz.000630,sz.000598,sz.000728,sz.000738,sz.000776,sz.000723,sz.000860,sz.000876,sz.002007
sz.000100,sz.000063,sz.000060,sz.000059,sz.000021,sz.000061,sz.000157,sz.000425,sz.000651,sz.000623,sz.000738,sz.000750,sz.000783,sz.000725,sz.000876,sz.000895,sz.002008
sz.000157,sz.000066,sz.000061,sz.000060,sz.000024,sz.000063,sz.000338,sz.000528,sz.000686,sz.000625,sz.000750,sz.000768,sz.000786,sz.000728,sz.000895,sz.000938,sz.002027
sz.000400,sz.000068,sz.000063,sz.000061,sz.000027,sz.000069,sz.000401,sz.000536,sz.000709,sz.000629,sz.000768,sz.000776,sz.000792,sz.000768,sz.000938,sz.000963,sz.002032
sz.000401,sz.000069,sz.000069,sz.000063,sz.000031,sz.000100,sz.000402,sz.000538,sz.000725,sz.000630,sz.000776,sz.000783,sz.000826,sz.000776,sz.000961,sz.000977,sz.002049
sz.000402,sz.000088,sz.000088,sz.000069,sz.000039,sz.000157,sz.000422,sz.000562,sz.000728,sz.000651,sz.000778,sz.000792,sz.000839,sz.000783,sz.000963,sz.001979,sz.002050
sz.000410,sz.000089,sz.000089,sz.000089,sz.000046,sz.000338,sz.000423,sz.000568,sz.000729,sz.000686,sz.000783,sz.000826,sz.000858,sz.000786,sz.000977,sz.002001,sz.002064
sz.000422,sz.000157,sz.000157,sz.000100,sz.000059,sz.000401,sz.000425,sz.000581,sz.000750,sz.000709,sz.000792,sz.000839,sz.000876,sz.000858,sz.001979,sz.002007,sz.002074
sz.000423,sz.000400,sz.000301,sz.000157,sz.000060,sz.000402,sz.000527,sz.000596,sz.000768,sz.000712,sz.000793,sz.000858,sz.000895,sz.000876,sz.002001,sz.002008,sz.002120
sz.000425,sz.000401,sz.000338,sz.000301,sz.000061,sz.000422,sz.000528,sz.000598,sz.000776,sz.000725,sz.000800,sz.000876,sz.000898,sz.000895,sz.002007,sz.002024,sz.002129
sz.000488,sz.000402,sz.000401,sz.000338,sz.000063,sz.000423,sz.000538,sz.000623,sz.000778,sz.000728,sz.000826,sz.000895,sz.000938,sz.000898,sz.002008,sz.002027,sz.002142
sz.000503,sz.000410,sz.000402,sz.000401,sz.000069,sz.000425,sz.000559,sz.000625,sz.000783,sz.000729,sz.000839,sz.000898,sz.000959,sz.000938,sz.002024,sz.002032,sz.002179
sz.000518,sz.000422,sz.000410,sz.000402,sz.000089,sz.000527,sz.000562,sz.000629,sz.000792,sz.000738,sz.000858,sz.000938,sz.000961,sz.000961,sz.002027,sz.002044,sz.002202
sz.000520,sz.000425,sz.000422,sz.000422,sz.000100,sz.000528,sz.000568,sz.000630,sz.000793,sz.000750,sz.000876,sz.000959,sz.000963,sz.000963,sz.002032,sz.002049,sz.002230
sz.000527,sz.000488,sz.000423,sz.000423,sz.000157,sz.000536,sz.000581,sz.000651,sz.000800,sz.000768,sz.000895,sz.000961,sz.000983,sz.001979,sz.002044,sz.002050,sz.002236
sz.000528,sz.000503,sz.000425,sz.000425,sz.000338,sz.000538,sz.000623,sz.000656,sz.000825,sz.000776,sz.000917,sz.000963,sz.001965,sz.002001,sz.002049,sz.002120,sz.002241
sz.000538,sz.000527,sz.000488,sz.000488,sz.000401,sz.000559,sz.000625,sz.000686,sz.000826,sz.000778,sz.000938,sz.000983,sz.001979,sz.002007,sz.002050,sz.002129,sz.002252
sz.000539,sz.000528,sz.000503,sz.000527,sz.000402,sz.000562,sz.000629,sz.000703,sz.000831,sz.000783,sz.000963,sz.001979,sz.002001,sz.002008,sz.002120,sz.002142,sz.002271
sz.000541,sz.000538,sz.000527,sz.000528,sz.000422,sz.000568,sz.000630,sz.000709,sz.000839,sz.000792,sz.000977,sz.002007,sz.002007,sz.002010,sz.002129,sz.002153,sz.002304
sz.000550,sz.000539,sz.000528,sz.000538,sz.000423,sz.000612,sz.000651,sz.000718,sz.000858,sz.000793,sz.000983,sz.002008,sz.002008,sz.002024,sz.002142,sz.002157,sz.002311
sz.000559,sz.000541,sz.000538,sz.000543,sz.000425,sz.000623,sz.000680,sz.000725,sz.000869,sz.000800,sz.001979,sz.002024,sz.002024,sz.002027,sz.002146,sz.002179,sz.002352
sz.000562,sz.000550,sz.000539,sz.000559,sz.000488,sz.000625,sz.000686,sz.000728,sz.000876,sz.000825,sz.002007,sz.002027,sz.002027,sz.002032,sz.002153,sz.002202,sz.002371
sz.000568,sz.000559,sz.000541,sz.000562,sz.000527,sz.000630,sz.000703,sz.000729,sz.000878,sz.000826,sz.002008,sz.002044,sz.002032,sz.002044,sz.002157,sz.002230,sz.002410
sz.000581,sz.000562,sz.000543,sz.000568,sz.000528,sz.000651,sz.000709,sz.000750,sz.000883,sz.000831,sz.002024,sz.002065,sz.002044,sz.002050,sz.002179,sz.002236,sz.002414
sz.000601,sz.000568,sz.000559,sz.000612,sz.000538,sz.000680,sz.000718,sz.000758,sz.000895,sz.000858,sz.002027,sz.002074,sz.002050,sz.002081,sz.002202,sz.002241,sz.002415
sz.000607,sz.000581,sz.000562,sz.000623,sz.000562,sz.000685,sz.000725,sz.000768,sz.000898,sz.000876,sz.002049,sz.002081,sz.002065,sz.002120,sz.002230,sz.002252,sz.002459
sz.000617,sz.000612,sz.000568,sz.000625,sz.000568,sz.000686,sz.000728,sz.000776,sz.000917,sz.000883,sz.002065,sz.002142,sz.002081,sz.002142,sz.002236,sz.002271,sz.002460
sz.000623,sz.000617,sz.000572,sz.000629,sz.000612,sz.000690,sz.000729,sz.000778,sz.000937,sz.000895,sz.002074,sz.002146,sz.002085,sz.002146,sz.002241,sz.002304,sz.002466
sz.000625,sz.000623,sz.000581,sz.000630,sz.000623,sz.000709,sz.000758,sz.000783,sz.000960,sz.000898,sz.002081,sz.002153,sz.002120,sz.002153,sz.002252,sz.002311,sz.002475
sz.000629,sz.000625,sz.000612,sz.000651,sz.000625,sz.000718,sz.000768,sz.000792,sz.000963,sz.000917,sz.002085,sz.002174,sz.002142,sz.002179,sz.002271,sz.002352,sz.002493
sz.000630,sz.000629,sz.000625,sz.000652,sz.000630,sz.000725,sz.000776,sz.000793,sz.000970,sz.000937,sz.002129,sz.002202,sz.002146,sz.002202,sz.002304,sz.002371,sz.002555
sz.000636,sz.000630,sz.000629,sz.000667,sz.000631,sz.000728,sz.000778,sz.000800,sz.000983,sz.000963,sz.002131,sz.002230,sz.002153,sz.002230,sz.002311,sz.002384,sz.002568
sz.000651,sz.000636,sz.000630,sz.000680,sz.000651,sz.000729,sz.000780,sz.000826,sz.000999,sz.000983,sz.002142,sz.002236,sz.002179,sz.002236,sz.002352,sz.002410,sz.002594
sz.000652,sz.000651,sz.000636,sz.000685,sz.000652,sz.000758,sz.000783,sz.000831,sz.002001,sz.000999,sz.002146,sz.002241,sz.002202,sz.002241,sz.002371,sz.002414,sz.002600
sz.000659,sz.000652,sz.000651,sz.000686,sz.000667,sz.000768,sz.000792,sz.000839,sz.002007,sz.002007,sz.002152,sz.002252,sz.002230,sz.002252,sz.002384,sz.002415,sz.002601
sz.000680,sz.000680,sz.000652,sz.000690,sz.000680,sz.000776,sz.000800,sz.000858,sz.002008,sz.002008,sz.002153,sz.002292,sz.002236,sz.002271,sz.002410,sz.002456,sz.002602
sz.000682,sz.000682,sz.000667,sz.000709,sz.000685,sz.000778,sz.000807,sz.000869,sz.002024,sz.002024,sz.002174,sz.002294,sz.002241,sz.002294,sz.002414,sz.002460,sz.002607
sz.000698,sz.000690,sz.000680,sz.000717,sz.000686,sz.000780,sz.000825,sz.000876,sz.002038,sz.002038,sz.002183,sz.002304,sz.002252,sz.002304,sz.002415,sz.002463,sz.002648
sz.000707,sz.000708,sz.000686,sz.000718,sz.000690,sz.000783,sz.000839,sz.000878,sz.002051,sz.002065,sz.002195,sz.002310,sz.002271,sz.002311,sz.002422,sz.002475,sz.002709
sz.000708,sz.000709,sz.000709,sz.000725,sz.000709,sz.000792,sz.000858,sz.000895,sz.002065,sz.002081,sz.002202,sz.002352,sz.002294,sz.002352,sz.002456,sz.002493,sz.002714
sz.000709,sz.000717,sz.000717,sz.000728,sz.000717,sz.000800,sz.000869,sz.000933,sz.002081,sz.002129,sz.002230,sz.002385,sz.002304,sz.002410,sz.002460,sz.002508,sz.002736
sz.000717,sz.000729,sz.000718,sz.000729,sz.000718,sz.000807,sz.000876,sz.000937,sz.002129,sz.002142,sz.002236,sz.002411,sz.002310,sz.002411,sz.002463,sz.002555,sz.002791
sz.000725,sz.000751,sz.000728,sz.000758,sz.000725,sz.000825,sz.000878,sz.000960,sz.002142,sz.002146,sz.002241,sz.002415,sz.002311,sz.002415,sz.002475,sz.002558,sz.002812
sz.000726,sz.000758,sz.000729,sz.000768,sz.000728,sz.000839,sz.000895,sz.000961,sz.002146,sz.002153,sz.002252,sz.002424,sz.002352,sz.002422,sz.002493,sz.002594,sz.002821
sz.000729,sz.000767,sz.000751,sz.000778,sz.000729,sz.000858,sz.000898,sz.000963,sz.002153,sz.002195,sz.002292,sz.002426,sz.002411,sz.002456,sz.002508,sz.002600,sz.002841
sz.000733,sz.000768,sz.000755,sz.000783,sz.000758,sz.000869,sz.000933,sz.000970,sz.002202,sz.002202,sz.002299,sz.002450,sz.002415,sz.002460,sz.002555,sz.002601,sz.002916
sz.000758,sz.000778,sz.000758,sz.000792,sz.000768,sz.000876,sz.000937,sz.000983,sz.002230,sz.002230,sz.002304,sz.002456,sz.002422,sz.002466,sz.002558,sz.002602,sz.002920
sz.000761,sz.000786,sz.000761,sz.000793,sz.000778,sz.000878,sz.000960,sz.000999,sz.002236,sz.002236,sz.002310,sz.002460,sz.002450,sz.002468,sz.002594,sz.002607,sz.002938
sz.000767,sz.000792,sz.000767,sz.000800,sz.000780,sz.000895,sz.000961,sz.002001,sz.002241,sz.002241,sz.002385,sz.002465,sz.002456,sz.002475,sz.002600,sz.002624,sz.003816
sz.000768,sz.000793,sz.000768,sz.000807,sz.000783,sz.000898,sz.000968,sz.002007,sz.002252,sz.002252,sz.002415,sz.002466,sz.002460,sz.002493,sz.002601,sz.002673,sz.300003
sz.000778,sz.000800,sz.000778,sz.000822,sz.000792,sz.000927,sz.000969,sz.002024,sz.002292,sz.002292,sz.002424,sz.002468,sz.002466,sz.002508,sz.002602,sz.002714,sz.300014
sz.000786,sz.000807,sz.000783,sz.000825,sz.000800,sz.000933,sz.000983,sz.002038,sz.002294,sz.002294,sz.002426,sz.002470,sz.002468,sz.002555,sz.002607,sz.002736,sz.300015
sz.000792,sz.000822,sz.000792,sz.000839,sz.000807,sz.000937,sz.000999,sz.002051,sz.002304,sz.002304,sz.002450,sz.002475,sz.002475,sz.002558,sz.002624,sz.002739,sz.300033
sz.000793,sz.000825,sz.000793,sz.000858,sz.000825,sz.000951,sz.002001,sz.002065,sz.002310,sz.002353,sz.002456,sz.002500,sz.002493,sz.002594,sz.002673,sz.002773,sz.300059
sz.000800,sz.000828,sz.000800,sz.000876,sz.000839,sz.000960,sz.002007,sz.002069,sz.002344,sz.002375,sz.002465,sz.002508,sz.002508,sz.002601,sz.002714,sz.002812,sz.300122
sz.000806,sz.000829,sz.000807,sz.000878,sz.000858,sz.000961,sz.002024,sz.002081,sz.002353,sz.002385,sz.002466,sz.002555,sz.002555,sz.002602,sz.002736,sz.002821,sz.300124
sz.000807,sz.000839,sz.000822,sz.000895,sz.000876,sz.000968,sz.002038,sz.002106,sz.002375,sz.002399,sz.002470,sz.002558,sz.002558,sz.002607,sz.002739,sz.002841,sz.300142
sz.000822,sz.000858,sz.000825,sz.000897,sz.000878,sz.000969,sz.002069,sz.002129,sz.002385,sz.002410,sz.002475,sz.002572,sz.002572,sz.002624,sz.002773,sz.002916,sz.300207
sz.000825,sz.000876,sz.000828,sz.000898,sz.000895,sz.000983,sz.002073,sz.002142,sz.002399,sz.002415,sz.002500,sz.002594,sz.002594,sz.002673,sz.002812,sz.002938,sz.300223
sz.000828,sz.000878,sz.000829,sz.000900,sz.000897,sz.000999,sz.002081,sz.002146,sz.002400,sz.002422,sz.002568,sz.002601,sz.002601,sz.002714,sz.002821,sz.002939,sz.300274
sz.000839,sz.000897,sz.000839,sz.000912,sz.000898,sz.002001,sz.002092,sz.002155,sz.002410,sz.002450,sz.002594,sz.002602,sz.002602,sz.002736,sz.002841,sz.002945,sz.300316
sz.000858,sz.000898,sz.000858,sz.000917,sz.000900,sz.002007,sz.002106,sz.002202,sz.002415,sz.002456,sz.002673,sz.002608,sz.002624,sz.002739,sz.002916,sz.003816,sz.300347
sz.000869,sz.000900,sz.000876,sz.000927,sz.000927,sz.002024,sz.002122,sz.002230,sz.002416,sz.002465,sz.002714,sz.002624,sz.002625,sz.002773,sz.002938,sz.300003,sz.300408
sz.000875,sz.000912,sz.000878,sz.000932,sz.000932,sz.002028,sz.002128,sz.002236,sz.002422,sz.002470,sz.002736,sz.002673,sz.002673,sz.002841,sz.002939,sz.300014,sz.300413
sz.000878,sz.000917,sz.000895,sz.000933,sz.000933,sz.002069,sz.002142,sz.002241,sz.002429,sz.002475,sz.002739,sz.002714,sz.002714,sz.002916,sz.002945,sz.300015,sz.300433
sz.000895,sz.000927,sz.000897,sz.000937,sz.000937,sz.002073,sz.002146,sz.002269,sz.002450,sz.002500,sz.002797,sz.002736,sz.002736,sz.002938,sz.002958,sz.300033,sz.300450
sz.000898,sz.000930,sz.000898,sz.000951,sz.000951,sz.002092,sz.002155,sz.002294,sz.002456,sz.002594,sz.300002,sz.002739,sz.002773,sz.002939,sz.003816,sz.300059,sz.300454
sz.000900,sz.000932,sz.000900,sz.000959,sz.000959,sz.002106,sz.002202,sz.002299,sz.002465,sz.002673,sz.300015,sz.002797,sz.002797,sz.002945,sz.300003,sz.300122,sz.300496
sz.000912,sz.000933,sz.000912,sz.000960,sz.000960,sz.002122,sz.002241,sz.002304,sz.002470,sz.002736,sz.300017,sz.002831,sz.002925,sz.002958,sz.300014,sz.300124,sz.300498
sz.000917,sz.000937,sz.000917,sz.000968,sz.000961,sz.002128,sz.002299,sz.002310,sz.002475,sz.002739,sz.300024,sz.002839,sz.300003,sz.300003,sz.300015,sz.300136,sz.300529
sz.000920,sz.000959,sz.000927,sz.000969,sz.000968,sz.002142,sz.002304,sz.002344,sz.002500,sz.300002,sz.300027,sz.002841,sz.300015,sz.300015,sz.300033,sz.300142,sz.300595
sz.000927,sz.000960,sz.000932,sz.000983,sz.000969,sz.002146,sz.002310,sz.002353,sz.002570,sz.300003,sz.300033,sz.300003,sz.300017,sz.300017,sz.300059,sz.300144,sz.300601
sz.000930,sz.000962,sz.000933,sz.000999,sz.000983,sz.002155,sz.002344,sz.002375,sz.002594,sz.300015,sz.300058,sz.300015,sz.300024,sz.300024,sz.300122,sz.300274,sz.300628
sz.000932,sz.000969,sz.000937,sz.002001,sz.000999,sz.002202,sz.002353,sz.002385,sz.002603,sz.300017,sz.300059,sz.300017,sz.300033,sz.300033,sz.300124,sz.300347,sz.300661
sz.000933,sz.000970,sz.000951,sz.002024,sz.002001,sz.002244,sz.002378,sz.002399,sz.002653,sz.300024,sz.300070,sz.300024,sz.300059,sz.300059,sz.300136,sz.300408,sz.300750
sz.000937,sz.000983,sz.000959,sz.002028,sz.002007,sz.002294,sz.002385,sz.002415,sz.002673,sz.300027,sz.300072,sz.300027,sz.300070,sz.300070,sz.300142,sz.300413,sz.300751
sz.000939,sz.000997,sz.000960,sz.002038,sz.002024,sz.002304,sz.002399,sz.002422,sz.300015,sz.300058,sz.300085,sz.300033,sz.300072,sz.300122,sz.300144,sz.300433,sz.300759
sz.000959,sz.002008,sz.000969,sz.002122,sz.002028,sz.002310,sz.002405,sz.002431,sz.300017,sz.300059,sz.300104,sz.300059,sz.300122,sz.300124,sz.300347,sz.300450,sz.300760
sz.000960,sz.002024,sz.000983,sz.002128,sz.002122,sz.002385,sz.002415,sz.002450,sz.300024,sz.300070,sz.300124,sz.300070,sz.300124,sz.300136,sz.300408,sz.300498,sz.300763
sz.000962,sz.002051,sz.002024,sz.002142,sz.002128,sz.002399,sz.002422,sz.002456,sz.300027,sz.300104,sz.300133,sz.300072,sz.300136,sz.300142,sz.300413,sz.300529,sz.300782
sz.000968,sz.002069,sz.002097,sz.002155,sz.002142,sz.002405,sz.002431,sz.002500,sz.300058,sz.300124,sz.300144,sz.300122,sz.300142,sz.300144,sz.300433,sz.300558,sz.300866
sz.000969,sz.002078,sz.002128,sz.002194,sz.002155,sz.002415,sz.002493,sz.002570,sz.300070,sz.300133,sz.300146,sz.300124,sz.300144,sz.300347,sz.300498,sz.300595,sz.300896
sz.000970,sz.002083,sz.002142,sz.002202,sz.002202,sz.002422,sz.002500,sz.002594,sz.300124,sz.300144,sz.300168,sz.300136,sz.300251,sz.300408,sz.300529,sz.300601,sz.300919
sz.000983,sz.002097,sz.002146,sz.002242,sz.002242,sz.002493,sz.002570,sz.002603,sz.300133,sz.300146,sz.300182,sz.300144,sz.300296,sz.300413,sz.300601,sz.300628,sz.300957
sz.000997,sz.002106,sz.002155,sz.002244,sz.002244,sz.002498,sz.002594,sz.002653,sz.300146,sz.300251,sz.300251,sz.300251,sz.300408,sz.300433,sz.300628,sz.300676,sz.300979
sz.002024,sz.002110,sz.002202,sz.002269,sz.002304,sz.002500,sz.002603,sz.002673,sz.300251,sz.300315,sz.300315,sz.300315,sz.300433,sz.300498,sz.300676,sz.300677,sz.300999
