stock_code,判断准确率,回测起始日期,回测截止日期,总收益率,年化收益率,最大回撤率,最大回撤开始日期,最大回撤结束日期,年化超额收益率,信息比率,总天数,交易天数,交易频率,胜率,盈亏比,夏普比率,年化主动投资收益率
000001,0.5088,2012-04-20,2019-12-31,1.8338,0.1504,0.2226,2017-12-13,2018-08-17,-0.0096,-0.02,1873,36,0.02,0.4722,2.54,0.41,-0.1175
000002,0.4867,2012-04-09,2019-12-31,0.5252,0.0633,0.3215,2017-10-18,2018-12-28,-0.2049,-0.43,1734,41,0.02,0.3902,2.34,0.17,-0.2823
000063,0.4939,2012-04-09,2019-12-31,0.5308,0.0613,0.4493,2017-12-08,2018-10-11,-0.0896,-0.15,1804,41,0.02,0.5122,1.39,0.12,-0.2549
000069,0.4886,2012-04-09,2019-12-31,-0.2526,-0.0391,0.6359,2015-05-12,2018-10-17,-0.1096,-0.21,1840,45,0.02,0.4667,1.21,-0.15,-0.2261
000100,0.5012,2012-04-11,2019-12-31,0.604,0.073,0.5868,2015-05-12,2018-12-04,-0.0633,-0.12,1690,36,0.02,0.4444,2.07,0.15,-0.1884
000157,0.4971,2012-04-09,2019-12-31,0.1286,0.0164,0.407,2015-05-13,2019-01-02,0.0286,0.07,1877,41,0.02,0.4146,1.73,0.01,-0.0813
000166,0.4874,2015-04-28,2019-12-31,-0.4706,-0.134,0.5665,2015-04-28,2018-12-06,0.0546,0.14,1114,25,0.02,0.24,1.31,-0.85,-0.0566
000301,0.5009,2012-04-09,2019-12-31,-0.3562,-0.0625,0.6914,2015-05-08,2019-11-05,-0.1613,-0.33,1719,39,0.02,0.359,1.67,-0.24,-0.2689
000333,0.517,2013-12-20,2019-12-31,3.3338,0.2996,0.3686,2017-12-07,2018-12-05,-0.038,-0.07,1410,25,0.02,0.56,2.75,0.69,-0.1505
000338,0.5064,2012-04-09,2019-12-31,1.5808,0.1355,0.3907,2013-01-18,2014-02-28,-0.0247,-0.05,1880,42,0.02,0.5238,1.71,0.36,-0.1497
000408,0.5121,2012-04-09,2019-12-31,-0.1329,-0.0211,0.4875,2015-07-02,2019-12-13,-0.0241,-0.04,1689,37,0.02,0.4324,1.41,-0.13,-0.2298
000425,0.5035,2012-04-09,2019-12-31,0.6557,0.0704,0.1938,2013-03-01,2014-06-10,0.0381,0.09,1867,39,0.02,0.4103,2.41,0.25,-0.1031
000538,0.489,2012-04-09,2019-12-31,0.2949,0.0386,0.3281,2015-07-10,2019-09-16,-0.1341,-0.35,1720,39,0.02,0.4103,1.96,0.1,-0.1986
000568,0.5086,2012-04-09,2019-12-31,1.6296,0.1395,0.3752,2012-04-09,2014-04-08,-0.0056,-0.01,1866,34,0.02,0.4412,2.88,0.36,-0.1443
000596,0.4976,2012-04-09,2019-12-31,0.3723,0.0433,0.5458,2012-04-09,2014-05-14,-0.1254,-0.2,1883,40,0.02,0.5,1.44,0.07,-0.2829
000625,0.506,2012-04-10,2019-12-31,1.1638,0.1123,0.4553,2015-11-11,2018-11-30,-0.0261,-0.05,1828,37,0.02,0.4865,2.0,0.25,-0.1657
000651,0.4951,2012-04-12,2019-12-31,5.5899,0.3175,0.1965,2018-02-14,2018-11-26,-0.0494,-0.1,1723,37,0.02,0.5135,3.77,0.85,-0.162
000661,0.4948,2012-04-09,2019-12-31,1.4742,0.1323,0.5054,2013-04-17,2016-03-07,-0.3085,-0.51,1837,40,0.02,0.5,1.86,0.27,-0.3495
000708,0.4966,2012-04-09,2019-12-31,0.7574,0.0835,0.494,2015-10-22,2018-10-22,-0.0628,-0.12,1772,36,0.02,0.4167,2.39,0.19,-0.1711
000723,0.5214,2012-05-17,2019-12-31,3.5992,0.265,0.4369,2012-05-17,2014-03-06,0.1214,0.11,1636,29,0.02,0.5517,2.96,0.25,-0.1747
000725,0.4992,2012-04-09,2019-12-31,1.5343,0.1331,0.3643,2015-05-13,2016-09-19,-0.0059,-0.01,1875,41,0.02,0.5122,2.03,0.4,-0.1421
000733,0.483,2012-04-10,2019-12-31,0.2359,0.0292,0.4863,2015-06-26,2018-12-27,-0.1095,-0.19,1853,40,0.02,0.425,1.81,0.05,-0.2754
000768,0.5029,2012-04-09,2019-12-31,1.2754,0.1175,0.4497,2015-07-01,2019-10-08,0.0093,0.01,1865,37,0.02,0.3514,3.56,0.21,-0.169
000776,0.5141,2012-04-09,2019-12-31,0.9207,0.0916,0.3498,2015-12-11,2019-11-15,0.0655,0.1,1877,37,0.02,0.4595,2.45,0.15,-0.0942
000786,0.4813,2012-04-09,2019-12-31,0.6106,0.0715,0.3354,2017-12-07,2018-12-26,-0.177,-0.34,1739,40,0.02,0.35,2.84,0.2,-0.2799
000792,0.4787,2012-04-09,2019-12-31,-0.6025,-0.118,0.6958,2015-05-11,2019-08-07,-0.0058,-0.01,1851,43,0.02,0.3953,1.12,-0.46,-0.177
000800,0.4989,2012-04-10,2019-12-31,-0.5163,-0.0936,0.7315,2015-06-04,2018-10-16,-0.0863,-0.16,1862,39,0.02,0.3333,1.66,-0.34,-0.2656
000858,0.5093,2012-04-09,2019-12-31,1.8413,0.1552,0.3937,2017-12-04,2018-12-28,-0.0823,-0.15,1824,37,0.02,0.4865,2.27,0.33,-0.1754
000876,0.5106,2012-04-10,2019-12-31,2.8923,0.2171,0.3018,2015-05-13,2018-10-23,0.0571,0.07,1743,36,0.02,0.4444,4.45,0.29,-0.0917
000877,0.5086,2012-04-13,2019-12-31,0.337,0.0402,0.6059,2015-05-12,2016-12-12,0.0351,0.05,1858,39,0.02,0.3846,2.46,0.05,-0.1659
000895,0.4912,2012-04-12,2019-12-31,-0.0188,-0.0026,0.3007,2013-05-24,2018-10-23,-0.0791,-0.2,1865,41,0.02,0.439,1.41,-0.07,-0.1739
000938,0.5039,2012-04-09,2019-12-31,2.7619,0.2194,0.2558,2013-09-17,2013-12-10,-0.0521,-0.07,1683,39,0.02,0.5385,2.01,0.37,-0.2847
000963,0.4924,2012-04-09,2019-12-31,1.528,0.1353,0.2447,2018-06-20,2019-11-22,-0.068,-0.16,1842,38,0.02,0.4737,2.45,0.48,-0.1665
000977,0.5046,2012-04-09,2019-12-31,4.9754,0.2779,0.4699,2015-06-19,2018-01-15,-0.0609,-0.08,1837,37,0.02,0.5405,2.33,0.45,-0.2777
001979,0.506,2016-03-31,2019-12-31,-0.1149,-0.033,0.3114,2016-09-09,2018-12-11,-0.1441,-0.36,917,23,0.03,0.4348,1.25,-0.2,-0.2178
002001,0.4824,2012-04-09,2019-12-31,0.8798,0.0888,0.3426,2015-07-13,2016-01-13,-0.1011,-0.19,1870,41,0.02,0.439,2.15,0.21,-0.2259
002007,0.4971,2012-04-09,2019-12-31,0.4155,0.0478,0.4925,2015-06-17,2018-12-19,-0.1537,-0.32,1877,43,0.02,0.4651,1.67,0.11,-0.2438
002008,0.5019,2012-04-09,2019-12-31,1.8983,0.1546,0.5507,2015-08-11,2017-01-19,-0.1233,-0.19,1865,40,0.02,0.45,2.38,0.31,-0.2715
002027,0.5224,2012-04-10,2019-12-31,7.7398,0.3574,0.321,2018-01-18,2018-12-28,0.1083,0.11,1788,34,0.02,0.4412,5.39,0.37,-0.1465
002032,0.5056,2012-04-10,2019-12-31,3.5265,0.2242,0.2812,2017-11-15,2018-10-25,-0.1106,-0.21,1881,36,0.02,0.4722,3.2,0.57,-0.2073
002049,0.4945,2012-04-11,2019-12-31,2.4184,0.2079,0.3442,2018-04-18,2018-12-07,-0.0898,-0.14,1640,32,0.02,0.5625,1.91,0.54,-0.3103
002050,0.4842,2012-04-11,2019-12-31,0.1803,0.0239,0.5806,2015-05-05,2016-01-13,-0.247,-0.4,1768,38,0.02,0.3947,2.08,0.02,-0.3424
002064,0.5008,2012-04-10,2019-12-31,1.9851,0.1589,0.406,2015-05-12,2018-06-07,0.0467,0.09,1869,40,0.02,0.525,2.06,0.44,-0.1215
002074,0.512,2012-04-13,2019-12-31,0.8628,0.0983,0.6266,2015-06-16,2018-11-29,-0.058,-0.06,1672,35,0.02,0.3429,3.75,0.1,-0.2602
002120,0.4962,2012-04-11,2019-12-31,4.7702,0.2726,0.3022,2015-07-01,2015-08-28,-0.0386,-0.06,1832,39,0.02,0.6154,1.79,0.62,-0.2617
002129,0.5137,2012-04-10,2019-12-31,2.7857,0.2663,0.4265,2015-06-15,2016-03-04,0.1251,0.11,1421,28,0.02,0.4643,3.79,0.26,-0.1711
002142,0.4955,2012-04-10,2019-12-31,2.6144,0.1878,0.1811,2018-03-16,2018-11-22,-0.0791,-0.19,1881,41,0.02,0.5854,2.21,0.64,-0.1641
002179,0.5029,2012-04-09,2019-12-31,0.8581,0.0868,0.3498,2015-06-29,2018-10-17,-0.1744,-0.29,1875,39,0.02,0.4615,2.06,0.19,-0.2921
002180,0.508,2012-04-09,2019-12-31,1.681,0.1731,0.5113,2015-07-01,2017-05-31,-0.1294,-0.18,1557,32,0.02,0.4688,2.33,0.32,-0.3219
002202,0.5032,2012-04-09,2019-12-31,2.9758,0.2044,0.26,2018-01-19,2018-12-24,0.0663,0.11,1870,39,0.02,0.4615,3.09,0.5,-0.127
002230,0.4903,2012-04-09,2019-12-31,1.7505,0.1512,0.4511,2015-08-11,2016-03-10,-0.1129,-0.15,1811,40,0.02,0.55,1.72,0.24,-0.2885
002236,0.5136,2012-04-11,2019-12-31,2.5107,0.1839,0.4034,2015-04-29,2016-05-20,-0.0292,-0.04,1875,38,0.02,0.3947,3.46,0.32,-0.195
002241,0.4965,2012-04-10,2019-12-31,0.7696,0.08,0.6035,2013-06-19,2019-05-13,-0.0738,-0.1,1869,41,0.02,0.3659,3.08,0.1,-0.2293
002252,0.5046,2012-04-09,2019-12-31,3.9585,0.3316,0.1583,2019-04-04,2019-11-27,0.0606,0.09,1409,31,0.02,0.4194,7.06,0.55,-0.1183
002271,0.5112,2012-04-11,2019-12-31,3.5004,0.2242,0.3611,2018-01-26,2019-01-03,-0.1108,-0.19,1874,39,0.02,0.5641,2.02,0.53,-0.2483
002304,0.4984,2012-04-10,2019-12-31,0.1861,0.0231,0.3951,2012-06-21,2013-12-09,-0.0255,-0.06,1882,39,0.02,0.4615,1.52,0.04,-0.1589
002311,0.5115,2012-04-10,2019-12-31,2.1085,0.1648,0.3156,2015-06-26,2016-01-18,-0.061,-0.14,1873,39,0.02,0.5641,2.06,0.63,-0.1779
002352,0.5073,2012-04-09,2019-12-31,2.4092,0.183,0.3785,2015-05-12,2016-03-08,-0.0915,-0.09,1839,41,0.02,0.4146,4.07,0.19,-0.2455
002371,0.4909,2012-04-10,2019-12-31,1.1954,0.1155,0.437,2015-04-28,2016-04-22,-0.1749,-0.26,1813,41,0.02,0.3659,3.11,0.23,-0.3375
002410,0.4894,2012-04-10,2019-12-31,2.0868,0.1664,0.2267,2012-04-10,2012-11-08,-0.0726,-0.13,1845,43,0.02,0.4651,2.49,0.48,-0.2567
002414,0.5114,2012-04-10,2019-12-31,1.3776,0.129,0.3431,2014-02-07,2014-04-29,-0.0618,-0.1,1799,38,0.02,0.5263,1.8,0.28,-0.2257
002415,0.494,2012-04-10,2019-12-31,2.0976,0.1679,0.3065,2017-12-01,2018-09-13,-0.1511,-0.26,1836,40,0.02,0.45,2.78,0.36,-0.2438
002459,0.5109,2012-04-10,2019-12-31,-0.2251,-0.0351,0.6874,2015-06-29,2019-10-15,-0.0561,-0.1,1797,41,0.02,0.4634,1.23,-0.15,-0.2299
002460,0.5075,2012-04-09,2019-12-31,5.495,0.2993,0.5231,2017-11-08,2018-12-25,-0.0665,-0.08,1801,38,0.02,0.4474,3.29,0.44,-0.3055
002466,0.5063,2012-04-09,2019-12-31,0.8482,0.0934,0.5662,2017-10-09,2019-01-03,-0.1784,-0.22,1734,41,0.02,0.3659,2.97,0.13,-0.361
002475,0.4861,2012-04-09,2019-12-31,3.5552,0.2275,0.31,2017-12-06,2018-11-15,-0.2666,-0.39,1864,37,0.02,0.4595,3.4,0.4,-0.3229
002493,0.4939,2012-04-13,2019-12-31,0.6003,0.0652,0.4573,2012-04-13,2013-11-11,-0.1048,-0.18,1877,40,0.02,0.45,1.86,0.13,-0.2586
002555,0.5134,2012-04-11,2019-12-31,15.4564,0.5532,0.4446,2017-11-08,2018-12-04,0.0239,0.02,1603,39,0.02,0.4359,5.92,0.55,-0.253
002594,0.5048,2012-04-09,2019-12-31,0.9289,0.0924,0.3195,2017-11-01,2019-12-13,0.0175,0.03,1874,39,0.02,0.4872,1.92,0.26,-0.1655
002600,0.5006,2012-04-11,2019-12-31,0.4533,0.0595,0.5561,2015-05-11,2016-01-12,-0.1349,-0.18,1630,38,0.02,0.3947,2.32,0.09,-0.3566
002601,0.518,2012-04-10,2019-12-31,2.967,0.2154,0.1921,2015-08-06,2015-08-27,0.1552,0.27,1780,35,0.02,0.6,1.83,0.61,-0.0828
002602,0.4958,2012-04-09,2019-12-31,3.165,0.2886,0.5508,2017-03-21,2019-11-11,-0.0964,-0.09,1418,34,0.02,0.4118,4.68,0.29,-0.2502
002648,0.4949,2012-04-10,2019-12-31,-0.0735,-0.0103,0.6521,2015-05-18,2018-12-28,-0.0558,-0.09,1859,40,0.02,0.425,1.57,-0.07,-0.2564
002709,0.5015,2014-04-25,2019-12-31,3.0559,0.2957,0.3241,2015-05-06,2015-08-31,0.0331,0.04,1362,24,0.02,0.4583,4.02,0.45,-0.2584
002714,0.4945,2014-04-30,2019-12-31,4.15,0.3546,0.4008,2015-06-26,2017-05-16,-0.3732,-0.42,1361,29,0.02,0.4483,3.95,0.47,-0.4118
002736,0.4909,2015-04-01,2019-12-31,-0.3976,-0.1047,0.734,2015-05-25,2019-01-29,-0.0006,-0.0,1155,25,0.02,0.36,1.58,-0.29,-0.1551
002756,0.5027,2015-08-14,2019-12-31,-0.1798,-0.0519,0.3631,2015-08-14,2018-08-08,0.0503,0.1,937,21,0.02,0.4286,1.2,-0.27,-0.1228
002812,0.4856,2016-12-16,2019-12-31,0.4705,0.1584,0.4895,2017-10-19,2018-10-17,-0.2807,-0.43,661,14,0.02,0.5714,1.39,0.34,-0.37
002821,0.4886,2017-02-20,2019-12-31,0.4146,0.1326,0.1872,2018-05-29,2018-12-19,-0.196,-0.41,702,16,0.02,0.4375,2.82,0.45,-0.2728
002841,0.4962,2017-04-24,2019-12-31,-0.0116,-0.0045,0.189,2019-04-19,2019-12-31,-0.238,-0.54,659,15,0.02,0.3333,2.24,-0.07,-0.2958
002916,0.5023,2018-03-19,2019-12-31,0.706,0.3598,0.3123,2018-03-19,2018-12-12,-0.2552,-0.29,438,10,0.02,0.3,7.01,0.5,-0.3692
002920,0.4803,2018-03-28,2019-12-31,0.0627,0.0362,0.1556,2018-03-28,2018-12-21,0.1229,0.25,431,9,0.02,0.3333,2.78,0.09,-0.0628
002938,0.5278,2018-12-19,2019-12-31,1.3214,1.3214,0.0098,2018-12-19,2019-02-01,-0.3205,-0.39,252,4,0.02,0.75,34.02,2.08,-0.3349
003816,0.5,2019-11-26,2019-12-31,-0.0244,-0.2129,0.0244,2019-11-26,2019-12-31,-0.2974,-1.68,26,1,0.04,0.0,,-3.01,-0.2927
300014,0.523,2012-04-09,2019-12-31,6.6392,0.3231,0.3994,2017-08-29,2018-10-16,-0.1207,-0.14,1830,39,0.02,0.4359,3.74,0.49,-0.3414
300015,0.4858,2012-04-09,2019-12-31,2.7516,0.1954,0.2518,2018-07-12,2018-12-26,-0.2258,-0.42,1867,38,0.02,0.5526,2.0,0.52,-0.2914
300033,0.5195,2012-04-09,2019-12-31,16.1786,0.4667,0.5025,2015-11-26,2018-09-11,-0.0937,-0.06,1871,40,0.02,0.525,3.81,0.33,-0.3362
300059,0.5151,2012-04-10,2019-12-31,19.037,0.512,0.4038,2015-12-04,2018-09-11,0.0072,0.01,1827,38,0.02,0.5,5.5,0.58,-0.2759
300122,0.4945,2012-04-09,2019-12-31,0.2208,0.0281,0.519,2015-12-07,2018-12-12,-0.3405,-0.54,1814,42,0.02,0.5476,1.12,0.03,-0.404
300124,0.4837,2012-04-09,2019-12-31,0.3221,0.0384,0.6229,2015-06-24,2019-10-21,-0.2095,-0.37,1869,45,0.02,0.4222,1.82,0.07,-0.3269
300142,0.4886,2012-04-09,2019-12-31,2.9913,0.2407,0.2091,2015-12-10,2017-07-26,-0.1356,-0.24,1617,36,0.02,0.6111,1.83,0.62,-0.2476
300207,0.4845,2012-04-11,2019-12-31,0.7971,0.0839,0.59,2015-04-27,2019-01-02,-0.2862,-0.43,1833,43,0.02,0.5581,1.32,0.17,-0.3991
300223,0.4985,2012-04-09,2019-12-31,1.8717,0.1761,0.7831,2015-12-09,2018-12-28,-0.2413,-0.26,1639,35,0.02,0.4286,2.5,0.24,-0.4617
300274,0.4987,2012-04-10,2019-12-31,2.0085,0.1612,0.446,2012-04-10,2012-11-07,-0.0022,-0.0,1857,36,0.02,0.4444,2.59,0.26,-0.2505
300316,0.4906,2012-08-06,2019-12-31,3.4904,0.2494,0.5016,2015-05-15,2016-04-27,-0.0332,-0.05,1700,37,0.02,0.5946,1.77,0.44,-0.2529
300347,0.5063,2012-11-16,2019-12-31,5.2885,0.3369,0.2589,2015-06-23,2015-08-06,-0.1927,-0.25,1596,32,0.02,0.5625,2.85,0.55,-0.3402
300408,0.4949,2015-03-06,2019-12-31,0.3761,0.0712,0.3487,2015-12-04,2016-07-22,-0.0453,-0.08,1170,25,0.02,0.52,1.45,0.17,-0.2203
300413,0.5039,2015-04-23,2019-12-31,1.6518,0.3193,0.3089,2015-11-27,2017-03-23,0.2138,0.26,887,18,0.02,0.5,2.8,0.65,-0.2339
300433,0.5032,2015-06-23,2019-12-31,-0.0611,-0.0145,0.5563,2017-05-23,2019-07-17,0.0416,0.06,1087,21,0.02,0.4286,1.6,-0.07,-0.2191
300450,0.4772,2015-08-11,2019-12-31,-0.4014,-0.1309,0.6318,2015-08-11,2018-10-18,-0.4627,-0.66,922,18,0.02,0.4444,1.04,-0.38,-0.5336
300454,0.4853,2018-08-09,2019-12-31,0.1405,0.1023,0.0578,2018-12-26,2019-02-01,-0.0222,-0.05,340,9,0.03,0.4444,2.5,0.54,-0.1848
300496,0.5224,2016-03-11,2019-12-31,0.9605,0.2156,0.2374,2017-10-13,2018-01-16,0.2019,0.3,869,19,0.02,0.5263,2.11,0.53,-0.1174
300498,0.4905,2016-02-17,2019-12-31,-0.1656,-0.047,0.2973,2016-02-17,2018-08-10,-0.0979,-0.22,948,23,0.02,0.2609,2.65,-0.21,-0.1884
300529,0.4968,2016-11-03,2019-12-31,0.5596,0.1559,0.2299,2018-05-28,2018-09-13,0.0732,0.12,773,15,0.02,0.4,3.02,0.32,-0.1096
300595,0.5038,2017-04-20,2019-12-31,0.8732,0.2703,0.2541,2017-06-05,2017-07-19,-0.2366,-0.38,661,13,0.02,0.5385,2.09,0.54,-0.3055
300601,0.5069,2017-05-05,2019-12-31,1.654,0.4591,0.4614,2018-06-27,2018-12-19,-0.3827,-0.45,651,13,0.02,0.4615,3.63,0.64,-0.3961
300628,0.4912,2017-06-16,2019-12-31,0.2357,0.0894,0.3129,2017-06-16,2018-09-10,-0.1935,-0.41,623,17,0.03,0.5294,1.41,0.25,-0.2708
300661,0.5241,2017-08-29,2019-12-31,8.9598,1.8081,0.0967,2019-12-06,2019-12-31,0.4127,0.25,561,9,0.02,0.7778,8.53,1.11,-0.1531
300750,0.4907,2018-09-04,2019-12-31,0.422,0.3172,0.0945,2018-11-30,2018-12-28,-0.1764,-0.31,322,6,0.02,0.6667,1.79,0.77,-0.2509
300751,0.4727,2019-02-12,2019-12-31,-0.2822,-0.316,0.3251,2019-02-12,2019-10-24,-0.1146,-0.2,220,6,0.03,0.3333,0.63,-1.18,-0.3384
300759,0.5422,2019-04-30,2019-12-31,-0.0177,-0.0267,0.1707,2019-04-30,2019-08-07,-0.7812,-1.36,166,5,0.03,0.4,1.57,-0.13,-0.5642
300760,0.458,2019-01-10,2019-12-31,0.2775,0.296,0.0742,2019-10-18,2019-12-03,-0.5373,-1.29,238,4,0.02,0.75,1.54,1.19,-0.3709
300763,0.5407,2019-06-18,2019-12-31,0.1209,0.2374,0,2019-06-18,2019-06-18,0.3228,0.96,135,3,0.02,1.0,,2.0,0.2249
300769,0.5214,2019-07-12,2019-12-31,0.0923,0.2094,0.1362,2019-08-02,2019-10-08,-0.3002,-0.53,117,4,0.03,0.5,1.85,0.5,-0.3274
300782,0.48,2019-09-10,2019-12-31,0.1029,0.3897,0.1334,2019-12-10,2019-12-31,-0.4731,-0.63,75,2,0.03,0.5,2.04,0.67,-0.4335
600000,0.4976,2012-04-09,2019-12-31,0.4974,0.0565,0.2624,2016-04-21,2019-08-13,-0.0867,-0.23,1851,42,0.02,0.4286,2.16,0.17,-0.1454
600009,0.5143,2012-04-09,2019-12-31,3.2669,0.2142,0.1249,2015-11-26,2016-04-20,-0.0859,-0.2,1884,39,0.02,0.5128,3.41,0.73,-0.1693
600010,0.5183,2012-04-09,2019-12-31,-0.2952,-0.047,0.5123,2015-05-15,2018-12-04,0.025,0.05,1833,41,0.02,0.2927,2.33,-0.2,-0.1302
600011,0.4859,2012-04-10,2019-12-31,-0.0393,-0.0054,0.5704,2015-07-10,2019-12-19,-0.0551,-0.13,1883,41,0.02,0.3171,2.51,-0.07,-0.1483
600015,0.5005,2012-04-09,2019-12-31,0.3073,0.0365,0.3255,2015-05-14,2016-06-24,-0.0417,-0.12,1884,39,0.02,0.4872,1.58,0.11,-0.1129
600016,0.4976,2012-04-11,2019-12-31,0.1915,0.0238,0.3637,2015-05-19,2018-08-17,-0.0679,-0.16,1881,41,0.02,0.3659,2.51,0.03,-0.1338
600018,0.4984,2012-04-09,2019-12-31,1.7158,0.147,0.3562,2015-05-19,2016-12-15,0.014,0.02,1836,42,0.02,0.4286,3.08,0.28,-0.125
600019,0.4947,2012-04-10,2019-12-31,0.1292,0.0172,0.4569,2015-05-22,2019-10-11,-0.0511,-0.12,1791,40,0.02,0.45,1.55,0.01,-0.157
600025,0.5479,2018-03-19,2019-12-31,0.1704,0.0948,0.1922,2018-03-19,2018-12-04,0.0451,0.1,438,9,0.02,0.2222,5.96,0.23,-0.0376
600028,0.4867,2012-04-09,2019-12-31,-0.0728,-0.0101,0.3092,2015-05-21,2016-01-08,-0.0555,-0.18,1884,43,0.02,0.3953,1.54,-0.16,-0.1186
600029,0.5139,2012-04-09,2019-12-31,1.1128,0.1057,0.3388,2015-07-10,2019-11-22,0.0269,0.04,1876,39,0.02,0.4103,3.02,0.15,-0.1417
600030,0.496,2012-04-09,2019-12-31,1.3373,0.121,0.4196,2015-12-07,2018-11-29,-0.0077,-0.01,1873,42,0.02,0.4286,2.73,0.26,-0.1514
600031,0.5234,2012-04-10,2019-12-31,1.6271,0.1382,0.3911,2015-05-12,2015-08-27,0.0903,0.19,1880,36,0.02,0.5556,1.73,0.42,-0.0608
600036,0.496,2012-04-09,2019-12-31,0.9524,0.0942,0.3319,2015-05-18,2016-01-13,-0.1302,-0.33,1873,44,0.02,0.3864,2.98,0.3,-0.1777
600039,0.5067,2012-04-09,2019-12-31,-0.0739,-0.0103,0.5685,2015-05-13,2019-09-27,-0.0594,-0.11,1867,46,0.02,0.4348,1.56,-0.06,-0.1897
600048,0.4891,2012-04-09,2019-12-31,1.2218,0.1131,0.417,2012-07-06,2014-06-27,-0.058,-0.11,1877,41,0.02,0.5122,1.8,0.29,-0.1978
600050,0.4885,2012-04-09,2019-12-31,0.0304,0.0042,0.5793,2015-05-22,2016-06-22,-0.0573,-0.12,1789,36,0.02,0.4444,1.59,-0.03,-0.1752
600061,0.5236,2012-04-09,2019-12-31,3.8827,0.2557,0.5237,2015-05-12,2019-01-30,0.1101,0.1,1755,39,0.02,0.4359,3.71,0.24,-0.1462
600085,0.4979,2012-04-09,2019-12-31,0.3861,0.0446,0.3577,2015-05-14,2019-12-31,-0.0667,-0.15,1884,42,0.02,0.381,2.4,0.12,-0.1706
600089,0.4895,2012-04-09,2019-12-31,-0.3284,-0.0524,0.5253,2015-05-14,2019-09-30,-0.0675,-0.16,1865,46,0.02,0.3696,1.57,-0.24,-0.1661
600104,0.507,2012-04-09,2019-12-31,0.5948,0.0651,0.3264,2017-11-09,2019-12-31,-0.065,-0.17,1864,40,0.02,0.45,1.96,0.22,-0.1499
600111,0.5074,2012-04-09,2019-12-31,0.0615,0.008,0.3864,2015-06-25,2016-08-03,0.1039,0.19,1884,38,0.02,0.3421,2.39,-0.02,-0.0774
600115,0.5054,2012-04-09,2019-12-31,0.6738,0.072,0.5749,2015-05-20,2018-10-16,0.0079,0.01,1866,41,0.02,0.3415,3.51,0.1,-0.149
600132,0.493,2012-04-16,2019-12-31,0.7346,0.0773,0.4583,2015-05-04,2016-01-12,-0.0199,-0.04,1864,38,0.02,0.5526,1.36,0.22,-0.1667
600150,0.4937,2012-04-09,2019-12-31,0.3472,0.0436,0.5307,2015-05-20,2019-02-01,0.0625,0.11,1758,35,0.02,0.4286,1.9,0.08,-0.1567
600176,0.4882,2012-04-09,2019-12-31,-0.1071,-0.0151,0.5125,2018-01-31,2019-09-27,-0.2052,-0.37,1872,46,0.02,0.4348,1.49,-0.08,-0.3089
600183,0.5005,2012-04-09,2019-12-31,3.0644,0.207,0.1807,2015-09-02,2016-03-11,-0.0768,-0.13,1878,36,0.02,0.4444,3.51,0.46,-0.218
600188,0.4926,2012-04-10,2019-12-31,-0.6816,-0.1422,0.7155,2012-04-10,2017-05-11,-0.0787,-0.15,1880,47,0.03,0.3191,1.38,-0.54,-0.2565
600196,0.5115,2012-04-11,2019-12-31,3.041,0.2077,0.256,2015-08-10,2015-08-25,0.0382,0.08,1865,41,0.02,0.5366,2.41,0.58,-0.106
600219,0.5087,2012-04-10,2019-12-31,-0.3854,-0.0667,0.5749,2015-05-13,2019-02-14,-0.063,-0.15,1777,38,0.02,0.3158,1.77,-0.33,-0.1673
600233,0.5064,2012-04-09,2019-12-31,1.4672,0.1358,0.5615,2016-12-14,2019-11-19,-0.017,-0.02,1787,38,0.02,0.4737,2.22,0.2,-0.2049
600276,0.5104,2012-04-09,2019-12-31,4.9333,0.2691,0.1349,2013-03-21,2013-10-24,-0.1442,-0.36,1883,38,0.02,0.6842,2.65,1.02,-0.1951
600309,0.4834,2012-04-11,2019-12-31,2.7335,0.2089,0.3592,2013-12-30,2016-01-08,-0.095,-0.17,1750,36,0.02,0.6111,1.6,0.5,-0.2067
600332,0.4813,2012-06-29,2019-12-31,-0.2673,-0.0441,0.5581,2013-06-05,2016-04-26,-0.1196,-0.23,1739,40,0.02,0.45,1.22,-0.19,-0.2586
600346,0.5126,2012-04-10,2019-12-31,7.0073,0.3929,0.2697,2015-12-23,2016-06-20,0.0416,0.06,1582,37,0.02,0.5405,3.03,0.67,-0.1466
600362,0.5005,2012-04-09,2019-12-31,-0.31,-0.0486,0.555,2015-05-21,2016-05-05,-0.0194,-0.04,1876,42,0.02,0.4048,1.39,-0.23,-0.1595
600383,0.5053,2012-04-09,2019-12-31,0.9239,0.0916,0.6199,2015-12-17,2018-10-17,-0.074,-0.15,1882,45,0.02,0.4222,2.24,0.26,-0.2035
600406,0.5075,2012-04-10,2019-12-31,0.1219,0.0168,0.3336,2012-04-10,2012-11-20,-0.0522,-0.11,1742,38,0.02,0.4737,1.37,0.01,-0.2016
600426,0.504,2012-04-10,2019-12-31,2.3391,0.1757,0.3103,2015-05-21,2016-01-11,-0.0388,-0.07,1877,39,0.02,0.5897,1.52,0.47,-0.1794
600436,0.5134,2012-04-10,2019-12-31,4.2505,0.2504,0.362,2015-08-07,2016-01-14,-0.0482,-0.09,1870,39,0.02,0.5641,2.26,0.65,-0.1738
600438,0.4942,2012-04-09,2019-12-31,2.2598,0.1869,0.4327,2015-08-11,2016-09-19,-0.0952,-0.13,1738,39,0.02,0.4615,2.49,0.3,-0.2561
600460,0.4939,2012-04-10,2019-12-31,1.4714,0.1347,0.4133,2015-06-29,2016-04-27,-0.0645,-0.09,1804,36,0.02,0.4167,2.61,0.26,-0.2808
600519,0.4984,2012-04-09,2019-12-31,4.3037,0.2503,0.2811,2018-02-07,2018-10-24,-0.0711,-0.16,1882,40,0.02,0.575,2.46,0.74,-0.1427
600547,0.5188,2012-04-25,2019-12-31,0.8961,0.0995,0.5277,2015-05-20,2016-01-11,0.0538,0.1,1700,35,0.02,0.4571,2.14,0.21,-0.1177
600570,0.4918,2012-04-09,2019-12-31,1.3523,0.1253,0.4457,2015-05-04,2019-12-31,-0.209,-0.27,1826,40,0.02,0.35,3.53,0.19,-0.3623
600584,0.5081,2012-04-10,2019-12-31,3.1151,0.2388,0.228,2018-04-02,2018-12-03,0.0054,0.01,1665,27,0.02,0.6667,1.76,0.75,-0.2331
600585,0.5101,2012-04-09,2019-12-31,1.6362,0.1391,0.4273,2015-05-12,2016-01-11,-0.0679,-0.16,1876,45,0.02,0.6,1.38,0.48,-0.1654
600588,0.4925,2012-04-13,2019-12-31,1.7656,0.1474,0.4289,2012-05-08,2013-06-24,-0.0784,-0.11,1864,43,0.02,0.4419,2.43,0.26,-0.2946
600600,0.4886,2012-04-09,2019-12-31,-0.0706,-0.0098,0.3225,2015-05-08,2019-01-14,-0.0792,-0.21,1883,42,0.02,0.4524,1.27,-0.12,-0.1642
600606,0.5006,2012-04-09,2019-12-31,1.034,0.1118,0.5092,2015-06-23,2018-12-10,0.0323,0.04,1688,36,0.02,0.3889,3.22,0.18,-0.1881
600660,0.495,2012-04-10,2019-12-31,1.8046,0.148,0.2107,2017-12-05,2019-10-08,-0.0683,-0.18,1883,46,0.02,0.6087,1.57,0.58,-0.1363
600674,0.5032,2012-04-13,2019-12-31,1.1946,0.1112,0.2866,2015-05-18,2016-01-11,-0.076,-0.21,1878,40,0.02,0.55,1.78,0.42,-0.1411
600690,0.4955,2012-04-09,2019-12-31,0.5719,0.0656,0.3813,2017-12-07,2019-12-05,-0.1662,-0.36,1794,37,0.02,0.4324,2.09,0.17,-0.2432
600741,0.4952,2012-04-09,2019-12-31,0.6749,0.0725,0.4415,2017-12-08,2018-10-19,-0.1214,-0.28,1856,40,0.02,0.45,1.93,0.21,-0.2063
600745,0.4968,2012-04-10,2019-12-31,2.6611,0.2621,0.5667,2015-07-14,2017-01-06,-0.207,-0.21,1405,28,0.02,0.5,2.56,0.3,-0.3748
600760,0.5098,2012-04-09,2019-12-31,2.8502,0.2096,0.3205,2014-12-12,2015-12-02,-0.0059,-0.0,1785,38,0.02,0.5,3.24,0.17,-0.2473
600763,0.5038,2012-04-10,2019-12-31,1.8493,0.1651,0.3812,2016-01-08,2017-07-24,-0.2435,-0.45,1727,37,0.02,0.5135,2.13,0.42,-0.307
600795,0.4917,2012-04-10,2019-12-31,0.0647,0.0087,0.4598,2015-08-13,2019-09-27,-0.0187,-0.04,1818,45,0.02,0.3778,2.11,-0.02,-0.1086
600803,0.4969,2012-05-14,2019-12-31,-0.1584,-0.024,0.5424,2015-04-30,2017-06-28,-0.0353,-0.06,1787,40,0.02,0.475,1.21,-0.11,-0.2201
600809,0.4928,2012-04-10,2019-12-31,-0.2784,-0.043,0.7163,2012-06-29,2016-03-08,-0.1969,-0.36,1871,38,0.02,0.5263,0.94,-0.16,-0.3089
600837,0.4899,2012-04-09,2019-12-31,0.5481,0.0603,0.498,2015-12-07,2018-12-25,-0.0231,-0.04,1882,39,0.02,0.359,2.86,0.1,-0.1587
600845,0.4989,2012-04-10,2019-12-31,2.8136,0.2039,0.3987,2015-12-04,2017-07-17,-0.0536,-0.08,1818,36,0.02,0.4722,2.87,0.41,-0.2418
600884,0.5102,2012-04-09,2019-12-31,2.4981,0.1847,0.3614,2017-08-24,2019-08-01,0.0703,0.11,1862,38,0.02,0.3947,3.57,0.42,-0.1545
600886,0.4843,2012-04-10,2019-12-31,0.792,0.0841,0.4773,2015-05-18,2018-12-03,-0.1397,-0.33,1821,41,0.02,0.439,2.23,0.23,-0.1909
600887,0.5162,2012-04-10,2019-12-31,2.7477,0.1965,0.3131,2015-05-20,2016-01-13,-0.0407,-0.08,1856,39,0.02,0.5385,2.31,0.52,-0.147
600893,0.4914,2012-04-11,2019-12-31,0.4465,0.0545,0.5568,2015-06-23,2019-09-27,-0.0046,-0.01,1752,37,0.02,0.4595,2.0,0.09,-0.1737
600900,0.5,2012-04-09,2019-12-31,1.9687,0.167,0.1657,2013-03-04,2014-05-06,-0.0475,-0.17,1776,37,0.02,0.5405,3.43,0.75,-0.0767
600919,0.5045,2016-11-03,2019-12-31,-0.2033,-0.0714,0.3081,2017-05-25,2018-12-03,0.0066,0.03,773,20,0.03,0.2,2.19,-0.63,-0.0278
600926,0.4875,2017-01-20,2019-12-31,-0.2434,-0.0933,0.2786,2017-01-20,2019-08-16,-0.0849,-0.32,718,15,0.02,0.2,1.43,-0.99,-0.1374
600958,0.5249,2015-06-17,2019-12-31,-0.2436,-0.0618,0.4189,2015-12-07,2018-12-06,0.1732,0.37,1103,23,0.02,0.3913,1.19,-0.38,0.0293
600989,0.5464,2019-08-09,2019-12-31,-0.0083,-0.0214,0.0246,2019-08-09,2019-10-10,0.0821,0.38,97,2,0.02,0.5,0.68,-0.73,0.0432
600999,0.5059,2012-04-09,2019-12-31,1.5037,0.1312,0.4048,2015-12-04,2018-12-06,0.0481,0.07,1876,42,0.02,0.4286,3.09,0.19,-0.1198
601006,0.5,2012-04-09,2019-12-31,0.6923,0.073,0.3562,2015-05-18,2018-11-27,-0.0016,-0.0,1882,39,0.02,0.4615,2.04,0.27,-0.08
601009,0.4904,2012-04-09,2019-12-31,1.2404,0.1144,0.2616,2017-03-16,2018-11-12,-0.0688,-0.16,1876,36,0.02,0.3889,3.41,0.36,-0.148
601012,0.5051,2012-07-11,2019-12-31,6.3944,0.327,0.3927,2015-05-04,2015-08-26,-0.1408,-0.17,1782,38,0.02,0.5263,2.85,0.46,-0.3106
601021,0.5093,2015-04-23,2019-12-31,0.2481,0.051,0.2677,2015-11-25,2018-01-18,0.0838,0.2,1123,23,0.02,0.5217,1.42,0.2,-0.0618
601066,0.5222,2018-09-12,2019-12-31,1.7721,1.2549,0.3022,2019-04-03,2019-07-11,-0.7175,-0.53,316,7,0.02,0.5714,4.24,1.02,-0.5048
601088,0.4907,2012-04-09,2019-12-31,0.1082,0.0143,0.3405,2015-05-15,2016-05-10,-0.0013,-0.0,1820,39,0.02,0.4872,1.27,0.0,-0.0973
601100,0.4851,2012-04-09,2019-12-31,1.2775,0.119,0.3216,2015-10-28,2016-01-12,-0.1541,-0.29,1845,44,0.02,0.4545,2.18,0.31,-0.2635
601111,0.493,2012-04-10,2019-12-31,0.9057,0.092,0.4301,2012-04-10,2014-04-28,0.0108,0.02,1846,39,0.02,0.3846,2.93,0.16,-0.1445
601117,0.5059,2012-04-10,2019-12-31,0.1455,0.0184,0.4332,2015-05-19,2018-12-25,-0.0003,-0.0,1880,38,0.02,0.5,1.25,0.02,-0.1392
601138,0.4923,2018-09-03,2019-12-31,-0.0155,-0.0121,0.1701,2018-09-03,2019-05-10,-0.2071,-0.45,323,9,0.03,0.5556,0.82,-0.14,-0.3119
601155,0.513,2016-03-18,2019-12-31,1.2551,0.2483,0.3945,2018-04-24,2018-10-16,-0.2002,-0.3,924,20,0.02,0.55,1.99,0.43,-0.2811
601166,0.4947,2012-04-17,2019-12-31,0.2583,0.0314,0.2355,2017-08-11,2019-12-31,-0.1299,-0.34,1874,43,0.02,0.3256,2.85,0.07,-0.1849
601169,0.491,2012-04-16,2019-12-31,0.6356,0.0697,0.1788,2016-01-14,2019-12-31,-0.0199,-0.06,1839,38,0.02,0.3947,2.91,0.26,-0.0893
601186,0.5053,2012-04-10,2019-12-31,1.8003,0.1483,0.623,2015-05-19,2019-10-10,-0.0029,-0.0,1876,46,0.02,0.4565,2.88,0.18,-0.1458
601211,0.4823,2015-09-22,2019-12-31,-0.2908,-0.0797,0.43,2015-12-04,2018-12-26,-0.0844,-0.24,1043,24,0.02,0.2917,1.46,-0.6,-0.1694
601216,0.5071,2012-04-09,2019-12-31,2.1847,0.1803,0.4113,2015-07-02,2016-01-07,0.0534,0.07,1761,37,0.02,0.4595,2.76,0.29,-0.1915
601225,0.5058,2014-04-30,2019-12-31,1.2132,0.1554,0.6079,2015-05-22,2016-05-17,-0.0311,-0.05,1386,32,0.02,0.5625,1.65,0.3,-0.2036
601229,0.5185,2017-02-16,2019-12-31,0.0649,0.0228,0.1738,2018-06-12,2019-08-27,0.0173,0.07,704,16,0.02,0.5625,1.0,0.07,-0.0266
601236,0.5,2019-09-30,2019-12-31,0.182,0.9731,0,2019-09-30,2019-09-30,0.3695,0.72,62,2,0.03,1.0,,3.31,0.0325
601238,0.5052,2012-07-03,2019-12-31,0.2105,0.0268,0.3748,2015-12-04,2019-05-10,-0.1236,-0.27,1817,42,0.02,0.4048,1.97,0.04,-0.2236
601288,0.4971,2012-04-10,2019-12-31,0.5063,0.0564,0.194,2015-05-13,2016-04-11,-0.0509,-0.18,1883,40,0.02,0.45,2.24,0.24,-0.0921
601318,0.5112,2012-04-10,2019-12-31,2.6229,0.1881,0.4068,2017-12-12,2018-11-23,-0.0577,-0.13,1882,41,0.02,0.5854,2.02,0.52,-0.1378
601319,0.5721,2019-02-19,2019-12-31,0.6863,0.845,0.006,2019-07-16,2019-12-31,0.6025,0.76,215,4,0.02,0.5,111.04,1.21,0.1918
601328,0.5037,2012-04-10,2019-12-31,0.4808,0.054,0.1496,2017-08-18,2019-11-15,-0.0243,-0.07,1882,39,0.02,0.3846,2.73,0.21,-0.0902
601336,0.5,2012-04-10,2019-12-31,1.5527,0.1355,0.2711,2013-01-31,2014-04-30,0.0569,0.09,1858,41,0.02,0.439,2.83,0.25,-0.1157
601360,0.5254,2012-04-20,2019-12-31,5.446,0.308,0.3804,2018-01-24,2018-12-05,0.0732,0.07,1749,30,0.02,0.5333,3.95,0.31,-0.183
601377,0.508,2012-04-09,2019-12-31,0.79,0.0817,0.5846,2015-12-07,2018-10-16,0.0098,0.02,1868,39,0.02,0.4615,2.08,0.16,-0.1524
601390,0.4917,2012-04-09,2019-12-31,0.5639,0.0647,0.7284,2015-05-25,2019-10-09,-0.084,-0.1,1798,44,0.02,0.25,5.94,0.07,-0.2051
601398,0.5114,2012-04-10,2019-12-31,0.5816,0.0633,0.1719,2015-05-13,2016-04-11,-0.0389,-0.14,1883,40,0.02,0.375,3.14,0.3,-0.0813
601600,0.513,2012-04-09,2019-12-31,0.1132,0.0154,0.4313,2015-06-26,2017-05-04,0.1022,0.2,1774,37,0.02,0.3243,2.66,0.0,-0.0668
601601,0.4973,2012-04-09,2019-12-31,1.1012,0.1044,0.4233,2018-02-22,2019-05-13,-0.0146,-0.03,1884,43,0.02,0.4186,2.64,0.27,-0.1246
601615,0.4675,2019-04-25,2019-12-31,-0.0204,-0.0303,0.087,2019-10-11,2019-12-31,0.1522,0.3,169,4,0.02,0.25,2.69,-0.27,-0.0583
601618,0.5243,2012-04-09,2019-12-31,1.4515,0.133,0.4184,2015-05-25,2019-10-09,0.104,0.16,1810,40,0.02,0.375,4.17,0.22,-0.0392
601628,0.4928,2012-04-09,2019-12-31,1.2343,0.1136,0.3476,2015-05-05,2018-11-26,-0.0075,-0.01,1883,41,0.02,0.439,2.84,0.18,-0.1193
601633,0.5032,2012-04-10,2019-12-31,1.6651,0.142,0.4816,2017-03-24,2019-09-26,0.0204,0.04,1860,37,0.02,0.5135,2.01,0.38,-0.1414
601668,0.5111,2012-04-09,2019-12-31,1.8923,0.1526,0.3005,2016-12-21,2019-09-30,-0.0179,-0.03,1884,39,0.02,0.4359,3.13,0.33,-0.1256
601669,0.515,2012-04-09,2019-12-31,0.4079,0.0499,0.5683,2015-08-13,2018-10-16,0.0177,0.03,1769,39,0.02,0.3846,2.72,0.08,-0.1305
601688,0.4944,2012-04-09,2019-12-31,1.5776,0.1356,0.3127,2013-01-29,2014-02-21,0.0028,0.0,1877,38,0.02,0.5,2.42,0.2,-0.1685
601689,0.4823,2015-06-15,2019-12-31,-0.221,-0.0556,0.5595,2015-06-15,2019-01-30,-0.0011,-0.0,1101,26,0.02,0.3846,1.7,-0.17,-0.2091
601698,0.5075,2019-09-23,2019-12-31,-0.2533,-0.6667,0.2533,2019-09-23,2019-12-31,-0.0261,-0.04,67,3,0.04,0.0,,-1.65,-0.2333
601766,0.5111,2012-04-09,2019-12-31,2.4063,0.1874,0.1879,2015-06-17,2017-06-23,0.0916,0.14,1798,39,0.02,0.4103,5.01,0.34,-0.0663
601788,0.4861,2012-04-10,2019-12-31,-0.4996,-0.0891,0.7748,2015-05-14,2018-12-10,-0.1096,-0.15,1870,41,0.02,0.3415,2.09,-0.17,-0.2543
601799,0.4921,2012-04-10,2019-12-31,2.7048,0.1968,0.2203,2016-05-26,2018-10-17,-0.1619,-0.3,1837,42,0.02,0.5,2.53,0.56,-0.2748
601800,0.5098,2012-06-11,2019-12-31,0.8156,0.085,0.3902,2017-03-13,2019-10-08,-0.0287,-0.05,1842,40,0.02,0.35,3.55,0.15,-0.1808
601808,0.4878,2012-04-09,2019-12-31,0.0971,0.0125,0.5922,2015-05-19,2018-06-07,-0.0189,-0.04,1884,45,0.02,0.4444,1.54,-0.0,-0.1525
601818,0.5056,2012-04-09,2019-12-31,0.7214,0.0758,0.2536,2013-03-04,2014-04-30,-0.0355,-0.1,1873,37,0.02,0.4865,2.03,0.26,-0.1081
601838,0.4951,2018-05-08,2019-12-31,-0.377,-0.2545,0.3925,2018-05-08,2019-09-27,-0.1954,-0.61,406,11,0.03,0.2727,0.4,-1.37,-0.2671
601857,0.4965,2012-04-09,2019-12-31,-0.0233,-0.0032,0.3531,2015-05-15,2016-09-21,0.0375,0.12,1883,40,0.02,0.4,1.7,-0.08,-0.0203
601865,0.5223,2019-05-16,2019-12-31,0.0566,0.0924,0.1137,2019-05-16,2019-10-08,0.0389,0.06,157,3,0.02,0.3333,3.37,0.28,-0.2195
601877,0.4951,2012-04-10,2019-12-31,0.6134,0.0714,0.3204,2018-05-28,2019-10-08,-0.0904,-0.22,1747,41,0.02,0.4634,1.83,0.23,-0.1843
601878,0.5242,2017-09-18,2019-12-31,0.0643,0.0286,0.4278,2017-09-18,2018-10-18,0.3093,0.55,557,12,0.02,0.5,1.34,0.04,0.1851
601881,0.5205,2017-04-26,2019-12-31,-0.1488,-0.0599,0.3445,2017-10-11,2018-12-14,-0.0536,-0.09,657,16,0.02,0.375,1.66,-0.2,-0.2177
601888,0.4857,2012-04-10,2019-12-31,0.6577,0.0724,0.4123,2015-08-12,2016-12-14,-0.2437,-0.49,1822,41,0.02,0.4634,1.83,0.2,-0.3035
601898,0.496,2012-04-09,2019-12-31,-0.1993,-0.0293,0.4902,2015-05-19,2019-10-08,0.0302,0.07,1883,40,0.02,0.4,1.47,-0.18,-0.0984
601899,0.5254,2012-04-10,2019-12-31,1.429,0.1284,0.2423,2015-06-29,2016-04-28,0.0867,0.2,1852,38,0.02,0.4737,2.54,0.44,-0.041
601901,0.5088,2012-04-09,2019-12-31,1.0133,0.1049,0.4938,2017-07-18,2019-07-16,-0.0073,-0.01,1767,40,0.02,0.4,2.9,0.19,-0.1893
601919,0.5032,2012-04-10,2019-12-31,0.6949,0.0796,0.5923,2015-06-24,2019-10-24,0.0759,0.12,1735,32,0.02,0.4688,2.13,0.13,-0.0954
601939,0.4976,2012-04-10,2019-12-31,0.8567,0.0863,0.2183,2013-05-03,2014-04-30,-0.0338,-0.1,1883,42,0.02,0.4524,2.36,0.31,-0.0919
601966,0.4775,2016-09-30,2019-12-31,-0.3393,-0.1258,0.4927,2016-09-30,2019-01-04,-0.0652,-0.19,777,18,0.02,0.2222,1.87,-0.66,-0.1448
601985,0.4858,2015-09-07,2019-12-31,-0.3395,-0.0944,0.3766,2015-11-27,2019-09-26,0.0059,0.02,1054,25,0.02,0.32,0.65,-1.1,-0.0512
601988,0.5029,2012-04-10,2019-12-31,0.2827,0.0339,0.2375,2015-05-14,2015-07-31,-0.0534,-0.17,1883,42,0.02,0.4048,2.28,0.09,-0.1
601989,0.5099,2012-04-10,2019-12-31,-0.1577,-0.0256,0.5216,2015-07-03,2019-02-01,-0.0192,-0.04,1667,31,0.02,0.2903,2.49,-0.15,-0.1855
601998,0.4912,2012-04-10,2019-12-31,0.2523,0.0306,0.369,2013-02-28,2014-07-01,-0.0601,-0.14,1881,40,0.02,0.4,2.11,0.06,-0.1496
603019,0.511,2015-02-03,2019-12-31,3.3726,0.3696,0.4349,2015-12-04,2016-05-20,0.2239,0.24,1182,20,0.02,0.55,2.92,0.49,-0.1627
603185,0.5351,2019-04-02,2019-12-31,0.0281,0.0385,0.1279,2019-08-19,2019-10-17,0.4742,1.07,185,5,0.03,0.6,0.86,0.14,0.5532
603259,0.474,2018-08-01,2019-12-31,0.2201,0.1559,0.2339,2018-08-01,2018-11-26,-0.2963,-0.52,346,8,0.02,0.375,2.96,0.35,-0.3303
603260,0.5064,2018-01-23,2019-12-31,-0.1198,-0.0659,0.214,2018-01-23,2018-11-28,0.1335,0.27,472,8,0.02,0.25,2.64,-0.28,-0.0163
603288,0.4982,2014-05-09,2019-12-31,1.3553,0.1692,0.3703,2015-05-07,2017-02-14,-0.2174,-0.46,1381,31,0.02,0.4839,2.47,0.51,-0.2601
603369,0.5156,2014-09-26,2019-12-31,2.0654,0.2467,0.2135,2018-07-03,2018-12-26,-0.0196,-0.03,1280,26,0.02,0.5769,2.79,0.64,-0.1999
603486,0.5151,2018-08-21,2019-12-31,-0.0308,-0.0235,0.2408,2019-04-12,2019-09-12,0.3057,0.58,332,6,0.02,0.6667,0.5,-0.16,0.165
603501,0.5249,2017-12-04,2019-12-31,3.0122,1.297,0.2821,2018-04-26,2018-12-24,0.0008,0.0,421,8,0.02,0.625,4.31,1.18,-0.3078
603659,0.5,2018-01-29,2019-12-31,0.515,0.2893,0.2123,2018-01-29,2018-12-25,-0.183,-0.29,412,7,0.02,0.4286,4.45,0.65,-0.2956
603799,0.505,2015-05-04,2019-12-30,0.5259,0.101,0.6747,2017-10-16,2019-10-17,-0.1861,-0.21,1107,25,0.02,0.48,1.69,0.13,-0.4378
603806,0.4836,2014-12-08,2019-12-31,0.2844,0.0531,0.3769,2016-01-13,2018-10-15,-0.0461,-0.1,1218,23,0.02,0.5217,1.4,0.18,-0.2082
603833,0.5098,2017-07-05,2019-12-31,0.0532,0.0216,0.2893,2018-02-14,2019-01-04,-0.0051,-0.01,610,14,0.02,0.3571,2.35,0.03,-0.1372
603882,0.5268,2017-12-08,2019-12-31,1.1964,0.4832,0.1021,2017-12-08,2018-06-07,0.1736,0.28,503,10,0.02,0.7,2.92,0.93,-0.0538
603899,0.4873,2015-04-29,2019-12-31,0.0041,0.0009,0.3982,2015-05-12,2016-12-09,-0.2349,-0.49,1143,30,0.03,0.4667,1.32,-0.05,-0.3196
603986,0.5117,2017-05-12,2019-12-31,1.0917,0.3981,0.289,2018-08-10,2018-12-20,-0.2421,-0.3,555,13,0.02,0.5385,2.29,0.62,-0.4011
603993,0.494,2013-01-04,2019-12-31,-0.0426,-0.0065,0.5283,2017-08-18,2019-01-02,-0.0925,-0.16,1680,38,0.02,0.3421,2.17,-0.07,-0.2872
688005,0.56,2019-10-22,2019-12-31,0.2254,1.7856,0,2019-10-22,2019-10-22,1.9998,2.42,50,1,0.02,1.0,,3.49,1.1987
688008,0.549,2019-10-22,2019-12-31,0.0529,0.2901,0.0072,2019-12-06,2019-12-31,-1.3137,-2.88,51,2,0.04,0.5,8.39,2.03,-0.5922
688012,0.5098,2019-10-22,2019-12-31,0.2035,1.4975,0,2019-10-22,2019-10-22,-4.6667,-7.67,51,2,0.04,1.0,,4.77,-0.7425
688036,1.0,2019-12-30,2019-12-31,0.0423,183.963,0,2019-12-30,2019-12-30,0.0,0.0,2,1,0.5,1.0,,535.31,0.0
