date,code,open,high,low,close,volume,amount,turn,tradestatus,pctChg,isST
2014-01-02,sh.603000,78.05,80.3,77.63,78.48,3408968,270061728.0,3.056746,1,0.6541,0
2014-01-03,sh.603000,77.55,79.18,77.2,77.23,2959510,230545907.0,2.653727,1,-1.5928,0
2014-01-06,sh.603000,76.05,77.49,75.69,76.94,2198433,168750257.0,1.971286,1,-0.3755,0
2014-01-07,sh.603000,76.28,79.4,76.15,78.9,2588584,203410324.0,2.321126,1,2.5474,0
2014-01-08,sh.603000,78.88,82.46,78.88,81.0,4056857,326640880.0,3.637694,1,2.6616,0
2014-01-09,sh.603000,80.95,84.2,80.25,81.21,5230307,432187216.0,4.689901,1,0.2593,0
2014-01-10,sh.603000,80.12,81.88,77.0,77.85,2924188,231037033.0,2.622055,1,-4.1374,0
2014-01-13,sh.603000,78.02,82.55,78.02,82.49,3374639,272170304.0,3.025964,1,5.9602,0
2014-01-14,sh.603000,82.31,83.58,80.3,83.04,2756194,226268885.0,2.471418,1,0.6667,0
2014-01-15,sh.603000,82.52,87.67,82.52,87.0,4501425,384018592.0,4.036328,1,4.7688,0
2014-01-16,sh.603000,87.01,88.5,84.0,86.78,3732500,322472944.0,3.34685,1,-0.2529,0
2014-01-17,sh.603000,86.3,88.12,85.31,87.68,3428912,298860480.0,3.07463,1,1.0371,0
2014-01-20,sh.603000,87.5,90.36,85.88,86.63,3548064,313583936.0,3.181471,1,-1.1975,0
2014-01-21,sh.603000,86.09,89.61,84.6,89.46,4555591,396045104.0,4.084898,1,3.2668,0
2014-01-22,sh.603000,88.88,93.2,88.16,91.84,5137163,469631568.0,4.606381,1,2.6604,0
2014-01-23,sh.603000,91.2,93.66,90.6,90.95,4250495,392869136.0,3.811325,1,-0.9691,0
2014-01-24,sh.603000,90.0,92.23,89.64,90.96,3259140,296655536.0,2.922399,1,0.011,0
2014-01-27,sh.603000,91.0,91.98,86.8,87.08,4164344,372676528.0,3.734075,1,-4.2656,0
2014-01-28,sh.603000,86.84,88.79,84.66,86.54,3351597,289100912.0,3.005303,1,-0.6201,0
2014-01-29,sh.603000,87.9,95.19,87.9,95.19,6457691,590362832.0,5.790469,1,9.9954,0
2014-01-30,sh.603000,93.88,96.5,91.88,92.76,3369497,317497344.0,3.021354,1,-2.5528,0
2014-02-07,sh.603000,91.0,94.6,90.52,93.13,2140302,199392131.0,1.919162,1,0.3989,0
2014-02-10,sh.603000,93.1,94.47,91.3,93.27,3368976,313927712.0,3.020886,1,0.1503,0
2014-02-11,sh.603000,93.35,93.35,87.7,88.84,6428449,575243616.0,5.764248,1,-4.7497,0
2014-02-12,sh.603000,88.95,89.0,85.54,87.49,3902736,338707840.0,3.499497,1,-1.5196,0
2014-02-13,sh.603000,86.48,88.0,84.9,85.74,3810038,327967536.0,3.416377,1,-2.0002,0
2014-02-14,sh.603000,85.2,87.65,84.9,86.28,2833301,245413249.0,2.540558,1,0.6298,0
2014-02-17,sh.603000,86.3,87.69,84.14,87.01,4067304,350188080.0,3.647062,1,0.8461,0
2014-02-18,sh.603000,87.05,87.3,84.9,86.21,2267843,194687977.0,2.033525,1,-0.9194,0
2014-02-19,sh.603000,86.25,87.2,84.61,85.13,3050667,262056731.0,2.735466,1,-1.2528,0
2014-02-20,sh.603000,84.5,84.8,80.52,80.85,4689699,383188864.0,4.20515,1,-5.0276,0
2014-02-21,sh.603000,80.38,81.7,80.0,81.22,2165527,175355006.0,1.94178,1,0.4576,0
2014-02-24,sh.603000,81.46,85.37,81.4,84.7,4544104,381047568.0,4.074598,1,4.2847,0
2014-02-25,sh.603000,84.05,85.5,78.75,80.19,4291371,353022256.0,3.847978,1,-5.3247,0
2014-02-26,sh.603000,78.52,78.52,75.26,76.89,4059847,311587440.0,3.640375,1,-4.1152,0
2014-02-27,sh.603000,76.89,78.27,72.9,75.91,3039224,231740562.0,2.725205,1,-1.2745,0
2014-02-28,sh.603000,76.2,78.0,73.38,75.52,2765043,207955406.0,2.479353,1,-0.5138,0
2014-03-03,sh.603000,75.21,77.71,75.14,76.99,2582801,197186847.0,2.315941,1,1.9465,0
2014-03-04,sh.603000,75.81,77.5,75.43,76.14,1802071,137390477.0,1.615877,1,-1.104,0
2014-03-05,sh.603000,76.4,77.99,76.35,77.22,2018735,155667483.0,1.810155,1,1.4184,0
2014-03-06,sh.603000,76.98,77.88,74.0,77.81,2656727,203616420.0,2.382228,1,0.7641,0
2014-03-07,sh.603000,78.01,78.41,75.4,75.42,2362546,181025099.0,2.118443,1,-3.0716,0
2014-03-10,sh.603000,74.8,74.8,69.71,69.78,4118247,294108208.0,3.692741,1,-7.4781,0
2014-03-11,sh.603000,69.55,71.3,68.99,70.04,1766146,123774491.0,1.583664,1,0.3726,0
2014-03-12,sh.603000,70.0,71.5,69.31,70.65,1816229,127885255.0,1.628572,1,0.8709,0
2014-03-13,sh.603000,70.65,72.05,70.07,71.61,1781645,127095709.0,1.597562,1,1.3588,0
2014-03-14,sh.603000,70.5,77.0,70.5,74.57,3492121,259005430.0,3.131308,1,4.1335,0
2014-03-17,sh.603000,74.31,75.76,74.3,74.89,1725690,129046311.0,1.547388,1,0.4291,0
2014-03-18,sh.603000,75.26,75.78,74.7,75.16,1419918,106784328.0,1.273209,1,0.3605,0
2014-03-19,sh.603000,79.1,79.81,77.64,78.75,5439050,428176880.0,4.877076,1,4.7765,0
2014-03-20,sh.603000,77.45,83.27,77.41,79.13,5677750,462497872.0,5.091113,1,0.4825,0
2014-03-21,sh.603000,78.13,79.55,75.31,78.69,3161270,243197197.0,2.834641,1,-0.556,0
2014-03-24,sh.603000,78.0,79.68,75.4,75.67,2551650,196135021.0,2.288008,1,-3.8378,0
2014-03-25,sh.603000,75.58,77.97,75.48,77.0,2034082,155925518.0,1.823916,1,1.7576,0
2014-03-26,sh.603000,77.41,77.6,75.68,76.32,1636369,124959461.0,1.467296,1,-0.8831,0
2014-03-27,sh.603000,76.4,76.65,71.25,71.31,3849378,281257568.0,3.451652,1,-6.5645,0
2014-03-28,sh.603000,71.11,72.17,69.74,70.05,2608192,184406018.0,2.338708,1,-1.7669,0
2014-03-31,sh.603000,70.06,70.98,69.41,70.0,1491855,104571261.0,1.337713,1,-0.0714,0
2014-04-01,sh.603000,70.0,72.4,70.0,71.89,1880778,134810790.0,1.686452,1,2.7,0
2014-04-02,sh.603000,71.99,73.09,71.11,71.93,1497042,107779989.0,1.342365,1,0.0556,0
2014-04-03,sh.603000,72.0,75.2,71.45,72.85,4052064,298795120.0,3.633396,1,1.279,0
2014-04-04,sh.603000,72.5,72.7,70.48,71.97,2739350,195375838.0,2.456315,1,-1.208,0
2014-04-08,sh.603000,70.7,71.97,69.6,71.93,2163936,154261272.0,1.940354,1,-0.0556,0
2014-04-09,sh.603000,73.0,74.5,72.52,73.1,2034171,149201844.0,1.823996,1,1.6266,0
2014-04-10,sh.603000,73.25,74.49,72.7,73.72,2577833,190310144.0,2.311486,1,0.8482,0
2014-04-11,sh.603000,72.5,73.45,72.3,73.05,1546522,112725198.0,1.386732,1,-0.9088,0
2014-04-14,sh.603000,72.81,73.7,72.81,73.48,855125,62680476.0,0.766772,1,0.5886,0
2014-04-15,sh.603000,73.5,76.58,73.15,75.91,3672446,276882272.0,3.293001,1,3.307,0
2014-04-16,sh.603000,75.9,76.49,74.25,75.93,1833769,138386155.0,1.6443,1,0.0263,0
2014-04-17,sh.603000,75.93,79.9,75.93,78.77,4891655,383030064.0,4.386239,1,3.7403,0
2014-04-18,sh.603000,78.53,79.85,77.4,79.72,2956985,232187454.0,2.651463,1,1.206,0
2014-04-21,sh.603000,79.0,79.35,76.3,76.39,3848789,298085456.0,3.451124,1,-4.1771,0
2014-04-22,sh.603000,76.05,77.4,75.08,75.77,1906064,145103193.0,1.709126,1,-0.8116,0
2014-04-23,sh.603000,76.0,76.85,73.9,74.23,1896798,142085520.0,1.700817,1,-2.0325,0
2014-04-24,sh.603000,74.91,75.35,73.41,74.39,1883509,140121061.0,1.688901,1,0.2155,0
2014-04-25,sh.603000,74.35,74.39,72.98,73.0,1091065,80201830.0,0.978334,1,-1.8685,0
2014-04-28,sh.603000,72.5,72.78,70.2,70.42,1445946,103577608.0,1.296548,1,-3.5342,0
2014-04-29,sh.603000,70.42,72.1,70.42,71.78,1517273,108292759.0,1.360505,1,1.9313,0
2014-04-30,sh.603000,71.75,73.1,71.12,72.42,1335898,96426475.0,1.19787,1,0.8916,0
2014-05-05,sh.603000,71.81,73.0,71.81,72.98,1095360,79454517.0,0.982185,1,0.7733,0
2014-05-06,sh.603000,73.79,75.2,73.02,74.34,1446262,107524574.0,1.296831,1,1.8635,0
2014-05-07,sh.603000,73.51,74.3,71.64,72.14,1450389,106313820.0,1.300532,1,-2.9594,0
2014-05-08,sh.603000,71.69,74.31,71.0,72.34,2819500,204715730.0,2.528183,1,0.2772,0
2014-05-09,sh.603000,72.44,72.44,70.77,70.94,1593921,113550758.0,1.429234,1,-1.9353,0
2014-05-12,sh.603000,71.7,73.5,71.2,72.7,1719557,124450771.0,1.541889,1,2.481,0
2014-05-13,sh.603000,72.77,73.86,72.34,72.98,1133833,82945901.0,1.016683,1,0.3852,0
2014-05-14,sh.603000,72.61,73.23,72.27,73.03,1064117,77377722.0,0.95417,1,0.0685,0
2014-05-15,sh.603000,72.86,73.97,72.55,72.73,1343847,98482291.0,1.204998,1,-0.4108,0
2014-05-16,sh.603000,72.75,72.77,70.61,71.02,2183396,156393749.0,1.957803,1,-2.3512,0
2014-05-19,sh.603000,70.79,71.81,70.6,71.54,1250382,89234083.0,1.12119,1,0.7322,0
2014-05-20,sh.603000,72.34,73.85,72.34,72.73,1832491,133858409.0,1.643154,1,1.6634,0
2014-05-21,sh.603000,72.4,73.3,71.8,73.07,1053672,76715308.0,0.944804,1,0.4675,0
2014-05-22,sh.603000,73.18,73.8,72.28,72.4,1507334,110344346.0,1.351593,1,-0.9169,0
2014-05-23,sh.603000,72.2,74.0,72.2,73.9,2530472,185954913.0,2.269018,1,2.0718,0
2014-05-26,sh.603000,74.7,76.48,74.0,76.22,3653825,275777040.0,3.276304,1,3.1394,0
2014-05-27,sh.603000,75.79,76.79,75.6,75.89,1839527,139886835.0,1.649463,1,-0.433,0
2014-05-28,sh.603000,76.2,77.56,75.5,77.17,3087405,236179159.0,2.768408,1,1.6867,0
2014-05-29,sh.603000,76.88,77.66,74.22,74.38,2975089,225789337.0,2.667697,1,-3.6154,0
2014-05-30,sh.603000,74.49,74.99,72.86,73.52,2797591,205830936.0,2.508538,1,-1.1562,0
2014-06-03,sh.603000,73.55,76.21,73.5,75.59,2835090,212630920.0,2.542163,1,2.8156,0
2014-06-04,sh.603000,75.8,75.99,73.85,75.78,1949039,146029814.0,1.74766,1,0.2514,0
2014-06-05,sh.603000,75.4,78.4,75.4,78.26,4196446,325014912.0,3.76286,1,3.2726,0
2014-06-06,sh.603000,78.26,78.26,76.5,77.1,2945365,227463525.0,2.641044,1,-1.4822,0
2014-06-09,sh.603000,77.18,79.77,77.18,78.06,3510467,276811360.0,3.147758,1,1.2451,0
2014-06-10,sh.603000,78.4,78.62,76.1,78.13,2733026,212039734.0,2.450644,1,0.0897,0
2014-06-11,sh.603000,78.0,78.99,77.18,78.07,1782547,139063733.0,1.598371,1,-0.0768,0
2014-06-12,sh.603000,78.0,78.95,77.55,78.1,1746619,136804163.0,1.566155,1,0.0384,0
2014-06-13,sh.603000,78.0,79.06,77.3,78.8,2651193,208131248.0,2.377266,1,0.8963,0
2014-06-16,sh.603000,79.0,79.87,78.61,78.99,2706019,214247219.0,2.426427,1,0.2411,0
2014-06-17,sh.603000,78.66,79.28,77.3,77.32,2196049,171440782.0,1.969149,1,-2.1142,0
2014-06-18,sh.603000,77.11,77.39,75.01,75.3,2930871,222478459.0,2.628047,1,-2.6125,0
2014-06-19,sh.603000,75.1,75.95,71.8,72.71,2464427,182040282.0,2.209797,1,-3.4396,0
2014-06-20,sh.603000,72.85,73.99,72.7,73.93,1526994,112080634.0,1.369222,1,1.6779,0
2014-06-23,sh.603000,75.18,76.55,75.15,75.87,2843202,215341622.0,2.549436,1,2.6241,0
2014-06-24,sh.603000,75.47,76.18,74.8,75.58,2427342,182614064.0,2.176544,1,-0.3822,0
2014-06-25,sh.603000,75.56,75.56,73.99,75.2,1893521,141374151.0,1.697878,1,-0.5028,0
2014-06-26,sh.603000,75.1,77.31,75.01,76.53,3815624,292985152.0,3.421386,1,1.7686,0
2014-06-27,sh.603000,38.5,41.5,38.0,40.52,10606143,427333136.0,4.755147,1,6.5755,0
2014-06-30,sh.603000,39.87,40.13,38.6,39.19,13628819,533828400.0,6.110331,1,-3.2823,0
2014-07-01,sh.603000,39.35,39.46,38.61,39.28,6315286,247311878.0,2.831389,1,0.2297,0
2014-07-02,sh.603000,39.33,39.9,38.66,39.74,7645506,299838864.0,3.427778,1,1.1711,0
2014-07-03,sh.603000,39.83,40.0,39.4,39.48,6184495,245490914.0,2.77275,1,-0.6543,0
2014-07-04,sh.603000,39.4,39.69,38.8,39.47,7352892,288089952.0,3.296588,1,-0.0253,0
2014-07-07,sh.603000,39.49,39.49,38.88,38.97,4243812,165617138.0,1.902666,1,-1.2668,0
2014-07-08,sh.603000,38.98,39.18,38.2,38.63,4681471,180710036.0,2.098886,1,-0.8725,0
2014-07-09,sh.603000,38.5,38.99,37.26,37.37,7750928,294640848.0,3.475043,1,-3.2617,0
2014-07-10,sh.603000,37.38,37.81,37.26,37.43,3390033,127232483.0,1.519884,1,0.1606,0
2014-07-11,sh.603000,37.43,37.85,37.0,37.4,3856300,144671273.0,1.72893,1,-0.0801,0
2014-07-14,sh.603000,37.36,37.6,35.88,36.19,9426719,341700512.0,4.226365,1,-3.2353,0
2014-07-15,sh.603000,36.19,36.25,35.18,35.24,9046809,321052688.0,4.056037,1,-2.625,0
2014-07-16,sh.603000,35.37,35.84,35.27,35.65,4054751,144582660.0,1.817903,1,1.1635,0
2014-07-17,sh.603000,35.75,35.84,35.25,35.3,2858592,101430253.0,1.281618,1,-0.9818,0
2014-07-18,sh.603000,35.1,35.59,35.1,35.53,2386920,84491036.0,1.070149,1,0.6516,0
2014-07-21,sh.603000,35.55,35.8,35.5,35.74,2626795,93614244.0,1.177695,1,0.5911,0
2014-07-22,sh.603000,35.79,35.94,35.42,35.62,4063520,144897086.0,1.821834,1,-0.3358,0
2014-07-23,sh.603000,35.7,35.74,32.06,32.5,14704363,495449744.0,6.592539,1,-8.7591,0
2014-07-24,sh.603000,32.01,32.79,30.81,31.25,11858961,372048000.0,5.316834,1,-3.8462,0
2014-07-25,sh.603000,31.2,31.69,31.01,31.62,5760139,181079261.0,2.582495,1,1.184,0
2014-07-28,sh.603000,31.7,33.18,31.65,32.97,8875590,288682528.0,3.979273,1,4.2695,0
2014-07-29,sh.603000,32.98,33.88,32.7,33.32,6996066,233143622.0,3.136609,1,1.0616,0
2014-07-30,sh.603000,33.65,33.65,33.02,33.35,4907924,163443770.0,2.200414,1,0.09,0
2014-07-31,sh.603000,33.5,34.19,33.23,34.1,7050842,238170096.0,3.161167,1,2.2489,0
2014-08-01,sh.603000,33.9,34.27,33.52,33.57,6607865,224069820.0,2.962563,1,-1.5542,0
2014-08-04,sh.603000,33.31,33.89,33.31,33.79,3562103,119956126.0,1.59703,1,0.6554,0
2014-08-05,sh.603000,33.78,34.62,33.58,34.59,7299829,249576279.0,3.272798,1,2.3676,0
2014-08-06,sh.603000,34.31,34.94,34.17,34.68,5586900,193017848.0,2.504825,1,0.2602,0
2014-08-07,sh.603000,34.68,34.68,33.82,33.85,5725282,195890405.0,2.566867,1,-2.3933,0
2014-08-08,sh.603000,33.81,34.3,33.8,33.99,4020452,136785758.0,1.802525,1,0.4136,0
2014-08-11,sh.603000,33.89,34.25,33.83,34.09,4405639,149969683.0,1.97522,1,0.2942,0
2014-08-12,sh.603000,34.0,34.0,33.51,33.81,4374215,147685319.0,1.961131,1,-0.8214,0
2014-08-13,sh.603000,33.78,33.95,33.35,33.61,4154873,139602724.0,1.862791,1,-0.5915,0
2014-08-14,sh.603000,33.6,34.1,33.5,33.67,4322107,145978553.0,1.937769,1,0.1785,0
2014-08-15,sh.603000,33.78,34.2,33.43,34.02,4646602,157868393.0,2.083253,1,1.0395,0
2014-08-18,sh.603000,34.4,37.42,34.28,37.42,19956280,724950368.0,8.947178,1,9.9941,0
2014-08-19,sh.603000,40.99,41.16,40.0,41.16,46848917,1920954928.0,21.004195,1,9.9947,0
2014-08-20,sh.603000,41.95,41.95,39.93,40.14,31469841,1283424608.0,14.109156,1,-2.4781,0
2014-08-21,sh.603000,40.33,44.15,39.88,44.15,45556280,1966221600.0,20.424655,1,9.99,0
2014-08-22,sh.603000,46.0,48.33,45.54,46.81,51348677,2391288032.0,23.021612,1,6.0249,0
2014-08-25,sh.603000,47.0,47.47,45.63,46.03,27456608,1270021664.0,12.309867,1,-1.6663,0
2014-08-26,sh.603000,45.45,45.82,43.2,44.38,28874253,1285085744.0,12.945453,1,-3.5846,0
2014-08-27,sh.603000,45.2,45.73,43.24,43.61,24175647,1076056800.0,10.838884,1,-1.735,0
2014-08-28,sh.603000,44.3,47.47,44.09,45.25,34134073,1563222672.0,15.303635,1,3.7606,0
2014-08-29,sh.603000,44.8,46.29,43.21,45.7,22570852,1009229264.0,10.119392,1,0.9945,0
2014-09-01,sh.603000,46.46,49.95,45.0,48.31,32645347,1571385328.0,14.636181,1,5.7112,0
2014-09-02,sh.603000,48.0,48.8,47.2,48.78,25456893,1220524400.0,11.413317,1,0.9729,0
2014-09-03,sh.603000,48.7,52.34,48.12,50.88,33196209,1668199120.0,14.883154,1,4.305,0
2014-09-04,sh.603000,50.4,51.0,49.86,50.43,18338786,923136432.0,8.221992,1,-0.8844,0
2014-09-05,sh.603000,50.44,51.5,49.3,49.84,17166478,859264912.0,7.696401,1,-1.1699,0
2014-09-09,sh.603000,49.2,49.88,48.55,49.32,12903441,634498496.0,5.785115,1,-1.0433,0
2014-09-10,sh.603000,48.95,50.32,48.6,49.88,13149201,653560672.0,5.895299,1,1.1354,0
2014-09-11,sh.603000,49.97,53.37,49.3,50.98,24872810,1274642480.0,11.15145,1,2.2053,0
2014-09-12,sh.603000,50.53,50.77,49.76,50.5,9719987,488386176.0,4.357849,1,-0.9415,0
2014-09-15,sh.603000,50.4,52.34,50.15,50.66,15572239,797137520.0,6.981641,1,0.3168,0
2014-09-16,sh.603000,50.0,50.0,46.88,47.02,22216394,1078497328.0,9.960475,1,-7.1852,0
2014-09-17,sh.603000,46.98,47.96,46.35,47.7,11646974,549905136.0,5.221792,1,1.4462,0
2014-09-18,sh.603000,47.66,47.66,46.68,46.94,6583801,309230096.0,2.951774,1,-1.5933,0
2014-09-19,sh.603000,46.89,48.18,46.88,48.06,7853834,373354432.0,3.52118,1,2.386,0
2014-09-22,sh.603000,47.91,47.92,45.9,46.28,10430630,483626864.0,4.676458,1,-3.7037,0
2014-09-23,sh.603000,46.3,46.99,46.1,46.67,6354431,295949152.0,2.848939,1,0.8427,0
2014-09-24,sh.603000,46.3,48.49,46.0,47.96,9817129,465314496.0,4.401401,1,2.7641,0
2014-09-25,sh.603000,48.18,49.45,47.91,48.18,12360936,603644752.0,5.541889,1,0.4587,0
2014-09-26,sh.603000,48.0,49.1,47.81,48.62,7721080,375293440.0,3.461661,1,0.9132,0
2014-09-29,sh.603000,48.88,48.96,48.0,48.29,6222723,300894112.0,2.789889,1,-0.6787,0
2014-09-30,sh.603000,48.51,49.46,48.51,49.02,9302073,456987984.0,4.170482,1,1.5117,0
2014-10-08,sh.603000,49.2,49.25,48.0,48.83,6499710,315482480.0,2.914073,1,-0.3876,0
2014-10-09,sh.603000,48.9,49.0,48.15,48.48,6912980,335439648.0,3.099358,1,-0.7168,0
2014-10-10,sh.603000,48.15,48.3,46.87,47.05,9499893,450064000.0,4.259172,1,-2.9497,0
2014-10-13,sh.603000,46.9,46.9,45.4,46.63,7161167,329778576.0,3.21063,1,-0.8927,0
2014-10-14,sh.603000,46.33,46.81,46.0,46.21,5880442,273061840.0,2.636431,1,-0.9007,0
2014-10-15,sh.603000,46.33,47.86,46.07,47.59,8064819,379413040.0,3.615773,1,2.9864,0
2014-10-16,sh.603000,47.08,47.8,46.76,46.79,7791857,368419120.0,3.493393,1,-1.681,0
2014-10-17,sh.603000,46.48,46.51,45.4,46.0,5671209,260513568.0,2.542624,1,-1.6884,0
2014-10-20,sh.603000,45.9,46.56,45.7,46.49,4247506,196253383.0,1.904322,1,1.0652,0
2014-10-21,sh.603000,46.4,46.75,45.8,46.5,5152924,238961144.0,2.310257,1,0.0215,0
2014-10-22,sh.603000,46.25,46.25,44.86,44.92,6184375,281191968.0,2.772696,1,-3.3979,0
2014-10-23,sh.603000,44.96,45.38,43.4,43.96,5784020,255148613.0,2.593202,1,-2.1371,0
2014-10-24,sh.603000,43.61,45.33,43.61,44.39,5563854,249196316.0,2.494493,1,0.9782,0
2014-10-27,sh.603000,44.0,44.2,42.99,44.11,5609841,243559879.0,2.51511,1,-0.6308,0
2014-10-28,sh.603000,44.9,45.39,44.12,45.21,5950841,267557173.0,2.667994,1,2.4938,0
2014-10-29,sh.603000,45.5,45.88,44.88,45.86,8148887,370600464.0,3.653464,1,1.4377,0
2014-10-30,sh.603000,45.86,46.39,45.03,45.14,7437083,339414208.0,3.334334,1,-1.57,0
2014-10-31,sh.603000,44.81,45.49,44.32,45.0,6025971,269348496.0,2.701678,1,-0.3101,0
2014-11-03,sh.603000,45.14,45.99,44.9,45.44,4732172,215201447.0,2.121617,1,0.9778,0
2014-11-04,sh.603000,45.6,45.6,44.32,44.43,5052933,226345629.0,2.265427,1,-2.2227,0
2014-11-05,sh.603000,44.3,44.3,43.3,43.5,5826080,254445769.0,2.612059,1,-2.0932,0
2014-11-06,sh.603000,43.5,44.5,43.31,44.4,4699759,207125100.0,2.107085,1,2.069,0
2014-11-07,sh.603000,44.42,44.68,43.5,43.59,4902627,215441623.0,2.198039,1,-1.8243,0
2014-11-10,sh.603000,43.38,44.4,43.35,44.08,3993458,175705885.0,1.790423,1,1.1241,0
2014-11-11,sh.603000,44.08,44.11,41.88,42.4,7052872,301554288.0,3.162077,1,-3.8113,0
2014-11-12,sh.603000,42.2,42.92,42.0,42.83,3659646,156063470.0,1.640762,1,1.0142,0
2014-11-13,sh.603000,42.83,42.85,41.28,42.11,5730047,239887884.0,2.569003,1,-1.6811,0
2014-11-14,sh.603000,42.03,42.5,41.82,42.46,3384354,142811721.0,1.517338,1,0.8312,0
2014-11-17,sh.603000,43.0,46.71,42.59,44.38,14449333,646219760.0,6.478199,1,4.5219,0
2014-11-18,sh.603000,44.1,45.19,43.89,44.58,7367180,328590720.0,3.302994,1,0.4507,0
2014-11-19,sh.603000,44.93,45.54,44.18,44.77,10493607,470914096.0,4.704693,1,0.4262,0
2014-11-20,sh.603000,44.28,44.45,43.25,43.75,6690435,293354976.0,2.999583,1,-2.2783,0
2014-11-21,sh.603000,43.82,45.5,43.75,45.19,11710319,525642624.0,5.250192,1,3.2914,0
2014-11-24,sh.603000,45.6,45.7,44.74,44.89,9310769,419432768.0,4.17438,1,-0.6639,0
2014-11-25,sh.603000,44.9,45.3,44.26,45.14,8590886,385510544.0,3.851629,1,0.5569,0
2014-11-26,sh.603000,44.9,45.35,44.51,44.9,6054684,271555040.0,2.714551,1,-0.5317,0
2014-11-27,sh.603000,45.0,45.3,44.18,44.62,7533217,337229360.0,3.377435,1,-0.6236,0
2014-11-28,sh.603000,44.62,44.62,43.34,43.6,8596107,375805632.0,3.85397,1,-2.286,0
2014-12-01,sh.603000,43.55,43.55,42.36,42.5,7878522,336589296.0,3.532248,1,-2.5229,0
2014-12-02,sh.603000,42.5,43.67,42.45,43.18,7196353,310443504.0,3.226405,1,1.6,0
2014-12-03,sh.603000,43.39,45.43,42.88,45.24,15074812,667831472.0,6.758626,1,4.7707,0
2014-12-04,sh.603000,45.35,45.65,44.77,45.17,11835390,533396192.0,5.306266,1,-0.1547,0
2014-12-05,sh.603000,45.0,45.08,42.68,43.24,12848497,559349744.0,5.760482,1,-4.2727,0
2014-12-08,sh.603000,42.75,44.96,42.01,43.65,12531169,547387760.0,5.618211,1,0.9482,0
2014-12-09,sh.603000,42.78,48.02,42.56,47.92,45440339,2137499568.0,20.372674,1,9.7824,0
2014-12-10,sh.603000,47.99,51.0,47.0,49.45,42118475,2073287584.0,18.883353,1,3.1928,0
2014-12-11,sh.603000,48.48,49.0,46.9,47.59,19315676,921230064.0,8.65997,1,-3.7614,0
2014-12-12,sh.603000,47.64,50.2,47.0,48.9,19544403,949134464.0,8.762517,1,2.7527,0
2014-12-15,sh.603000,48.0,49.48,47.6,48.75,12965637,628707312.0,5.813,1,-0.3068,0
2014-12-16,sh.603000,49.2,49.41,47.34,48.27,13554992,655977216.0,6.077231,1,-0.9846,0
2014-12-17,sh.603000,47.5,47.85,46.62,46.67,13230147,622358992.0,5.93159,1,-3.3147,0
2014-12-18,sh.603000,46.35,47.79,46.15,46.57,9364928,440095888.0,4.198662,1,-0.2143,0
2014-12-19,sh.603000,46.5,46.99,44.45,44.84,10725784,488004880.0,4.808787,1,-3.7148,0
2014-12-22,sh.603000,44.82,44.82,42.6,43.4,10543297,459246336.0,4.726971,1,-3.2114,0
2014-12-23,sh.603000,42.93,44.5,42.68,43.83,5898950,257618916.0,2.644729,1,0.9908,0
2014-12-24,sh.603000,43.9,44.6,43.5,44.41,7288827,322171152.0,3.267865,1,1.3233,0
2014-12-25,sh.603000,44.3,44.59,43.52,43.98,6872401,302017936.0,3.081165,1,-0.9683,0
2014-12-26,sh.603000,43.98,44.6,43.66,44.32,6801476,300528816.0,3.049367,1,0.7731,0
2014-12-29,sh.603000,44.3,45.34,43.47,44.64,9936807,440810960.0,4.455058,1,0.722,0
2014-12-30,sh.603000,44.44,44.44,41.5,41.51,13117987,560358096.0,5.881305,1,-7.0117,0
2014-12-31,sh.603000,41.53,42.36,41.51,41.94,5941645,248974817.0,2.663871,1,1.0359,0
2015-01-05,sh.603000,41.8,42.59,40.67,41.98,7233755,301504144.0,3.243174,1,0.0954,0
2015-01-06,sh.603000,41.95,43.85,41.52,43.6,9909933,424681360.0,4.443009,1,3.859,0
2015-01-07,sh.603000,43.11,43.54,42.4,42.89,6888364,295544304.0,3.088322,1,-1.6284,0
2015-01-08,sh.603000,42.5,43.21,42.4,42.69,5311585,227802230.0,2.38139,1,-0.4663,0
2015-01-09,sh.603000,42.07,43.16,42.02,42.32,6429072,274750672.0,2.882403,1,-0.8667,0
2015-01-12,sh.603000,42.2,42.43,41.26,41.86,6017906,250894285.0,2.698062,1,-1.087,0
2015-01-13,sh.603000,41.69,44.4,41.6,43.22,11106159,482393312.0,4.979324,1,3.2489,0
2015-01-14,sh.603000,43.2,43.51,42.55,42.86,6001878,257846091.0,2.690876,1,-0.8329,0
2015-01-15,sh.603000,42.83,43.14,42.51,42.92,5245668,224251423.0,2.351837,1,0.14,0
2015-01-16,sh.603000,42.94,46.8,42.76,44.94,17846912,799138832.0,8.001466,1,4.7064,0
2015-01-19,sh.603000,44.0,47.1,43.48,45.62,21853859,994164512.0,9.797936,1,1.5131,0
2015-01-20,sh.603000,45.75,47.2,44.68,47.06,22105426,1026144656.0,9.910724,1,3.1565,0
2015-01-21,sh.603000,47.1,47.5,45.91,46.96,22213054,1038265264.0,9.958978,1,-0.2125,0
2015-01-22,sh.603000,46.5,47.49,46.3,46.55,13671723,638941440.0,6.129566,1,-0.8731,0
2015-01-23,sh.603000,46.99,47.0,44.99,45.14,12046651,549637664.0,5.400983,1,-3.029,0
2015-01-26,sh.603000,44.94,46.46,44.89,46.12,10055332,461767088.0,4.508197,1,2.171,0
2015-01-27,sh.603000,46.2,46.2,44.6,45.24,9102449,412471008.0,4.080983,1,-1.9081,0
2015-01-28,sh.603000,45.0,49.76,45.0,48.65,41241307,2002220624.0,18.490085,1,7.5376,0
2015-01-29,sh.603000,47.63,48.0,46.85,47.69,19219690,912936128.0,8.616936,1,-1.9733,0
2015-01-30,sh.603000,47.69,49.47,45.88,45.92,22247275,1068300352.0,9.97432,1,-3.7115,0
2015-02-02,sh.603000,45.05,46.2,44.88,45.68,9232801,420310256.0,4.139424,1,-0.5226,0
2015-02-03,sh.603000,46.0,47.82,45.72,46.56,15681345,735924288.0,7.030558,1,1.9264,0
2015-02-04,sh.603000,46.28,47.46,46.0,46.63,12201262,570235680.0,5.470301,1,0.1503,0
2015-02-05,sh.603000,46.55,49.21,46.0,47.57,22190174,1063004384.0,9.94872,1,2.0159,0
2015-02-06,sh.603000,47.66,51.36,47.08,50.5,38290704,1899931376.0,17.167214,1,6.1593,0
2015-02-09,sh.603000,50.8,52.3,49.0,49.97,24497694,1234899072.0,10.983271,1,-1.0495,0
2015-02-10,sh.603000,49.3,50.75,48.75,50.7,16046487,795219088.0,7.194265,1,1.4609,0
2015-02-11,sh.603000,50.79,52.33,49.49,49.72,19515785,992822384.0,8.749687,1,-1.9329,0
2015-02-12,sh.603000,49.1,50.24,48.57,48.99,14818418,730147168.0,6.643674,1,-1.4682,0
2015-02-13,sh.603000,49.11,53.49,48.81,53.34,26808220,1365606320.0,12.019169,1,8.8794,0
2015-02-16,sh.603000,54.0,58.67,52.5,58.67,33264832,1853644528.0,14.91392,1,9.9925,0
2015-02-17,sh.603000,59.0,59.7,56.6,57.14,22522787,1303889936.0,10.097843,1,-2.6078,0
2015-02-25,sh.603000,56.62,58.6,54.8,55.62,19855770,1123949088.0,8.902115,1,-2.6601,0
2015-02-26,sh.603000,55.61,56.8,53.97,55.97,16694866,923835264.0,7.484959,1,0.6293,0
2015-02-27,sh.603000,55.8,58.01,54.87,56.83,17880438,1010211296.0,8.016497,1,1.5365,0
2015-03-02,sh.603000,57.0,57.61,55.3,56.73,16470162,928115936.0,7.384215,1,-0.176,0
2015-03-03,sh.603000,55.7,55.7,53.65,53.71,20214239,1107856640.0,9.062831,1,-5.3235,0
2015-03-04,sh.603000,53.7,55.48,53.2,54.79,13532699,739579312.0,6.067236,1,2.0108,0
2015-03-05,sh.603000,54.78,54.79,53.0,53.47,12268846,657818400.0,5.500602,1,-2.4092,0
2015-03-06,sh.603000,53.79,54.28,52.2,52.42,9674527,512376576.0,4.337467,1,-1.9637,0
2015-03-09,sh.603000,52.0,53.35,51.08,53.13,8127755,426930672.0,3.643989,1,1.3545,0
2015-03-10,sh.603000,53.0,54.82,52.8,53.82,10902814,590285456.0,4.888156,1,1.2987,0
2015-03-11,sh.603000,53.83,54.78,53.34,54.31,10213228,554263968.0,4.578988,1,0.9104,0
2015-03-12,sh.603000,54.1,54.48,51.8,52.29,11154133,589525856.0,5.000832,1,-3.7194,0
2015-03-13,sh.603000,52.33,53.8,51.53,53.67,11300758,592350384.0,5.06657,1,2.6391,0
2015-03-16,sh.603000,53.88,55.48,53.87,55.05,15544802,852617984.0,6.96934,1,2.5713,0
2015-03-17,sh.603000,55.15,55.2,54.29,54.96,12608630,689467904.0,5.65294,1,-0.1635,0
2015-03-18,sh.603000,54.8,56.0,54.45,55.66,14346410,794759984.0,6.432055,1,1.2737,0
2015-03-19,sh.603000,55.59,55.59,54.41,54.68,12073918,661405680.0,5.413208,1,-1.7607,0
2015-03-20,sh.603000,54.7,57.98,54.7,57.44,21692417,1218217152.0,9.725556,1,5.0475,0
2015-03-23,sh.603000,57.01,57.95,56.65,57.68,17783635,1020069824.0,7.973096,1,0.4178,0
2015-03-24,sh.603000,58.12,61.68,57.85,61.01,28875701,1733930016.0,12.946102,1,5.7732,0
2015-03-25,sh.603000,60.85,60.85,59.21,59.44,15572331,932361200.0,6.981683,1,-2.5733,0
2015-03-26,sh.603000,58.88,58.88,55.8,56.3,15472923,883899952.0,6.937114,1,-5.2826,0
2015-03-27,sh.603000,56.45,57.4,55.99,56.72,8301386,469822144.0,3.721835,1,0.746,0
2015-03-30,sh.603000,56.82,57.7,55.66,56.27,10543949,593795856.0,4.727263,1,-0.7934,0
2015-03-31,sh.603000,56.3,57.2,55.8,56.11,11586147,654993360.0,5.194521,1,-0.2843,0
2015-04-01,sh.603000,56.35,60.56,55.93,59.98,19940604,1157429264.0,8.94015,1,6.8972,0
2015-04-02,sh.603000,60.2,63.5,60.16,60.51,28563208,1766655936.0,12.805999,1,0.8836,0
2015-04-03,sh.603000,60.11,63.5,59.55,62.23,18824795,1169074224.0,8.439889,1,2.8425,0
2015-04-07,sh.603000,60.9,61.85,59.9,61.37,15538124,944926384.0,6.966346,1,-1.382,0
2015-04-08,sh.603000,61.0,62.55,57.8,58.81,20248388,1210212416.0,9.078141,1,-4.1714,0
2015-04-09,sh.603000,58.49,59.8,56.25,58.68,12857237,741508704.0,5.7644,1,-0.2211,0
2015-04-10,sh.603000,58.5,59.99,58.2,59.29,11244474,668141712.0,5.041336,1,1.0395,0
2015-04-13,sh.603000,60.0,60.08,58.01,59.73,11287475,668246208.0,5.060615,1,0.7421,0
2015-04-14,sh.603000,59.32,61.7,58.35,60.39,16407206,991218496.0,7.35599,1,1.105,0
2015-04-15,sh.603000,63.0,65.95,61.68,63.38,30817606,1978374272.0,13.816733,1,4.9512,0
2015-04-16,sh.603000,62.85,65.31,61.88,63.62,18984071,1211658688.0,8.511299,1,0.3787,0
2015-04-17,sh.603000,63.63,64.3,62.01,62.44,16141541,1013023744.0,7.236882,1,-1.8548,0
2015-04-20,sh.603000,61.1,61.49,59.72,59.96,15181381,917894432.0,6.806405,1,-3.9718,0
2015-04-21,sh.603000,59.94,62.4,59.94,62.21,11870064,730635424.0,5.321812,1,3.7525,0
2015-04-22,sh.603000,62.0,63.59,61.66,62.47,15278212,958581632.0,6.849818,1,0.4179,0
2015-04-23,sh.603000,62.8,63.63,61.64,62.3,14782490,924038384.0,6.627566,1,-0.2721,0
2015-04-24,sh.603000,61.0,64.64,60.32,64.23,18376492,1157976048.0,8.238897,1,3.0979,0
2015-04-27,sh.603000,64.88,65.5,62.99,63.77,16211921,1038013248.0,2.93245,1,-0.7162,0
2015-04-28,sh.603000,63.58,63.67,60.57,61.24,12393194,763747584.0,2.24171,1,-3.9674,0
2015-04-29,sh.603000,59.5,61.5,59.0,60.94,10203643,619790576.0,1.845659,1,-0.4899,0
2015-04-30,sh.603000,60.6,62.5,60.45,60.5,10497178,647021776.0,1.898754,1,-0.722,0
2015-05-04,sh.603000,60.53,60.9,58.5,59.41,10422211,615769392.0,1.885194,1,-1.8017,0
2015-05-05,sh.603000,59.2,59.79,57.3,57.63,8876156,520056464.0,1.60554,1,-2.9961,0
2015-05-06,sh.603000,57.99,59.51,57.4,58.03,9015499,527659792.0,1.630745,1,0.6941,0
2015-05-07,sh.603000,57.7,59.28,57.7,58.32,7244876,425311904.0,1.31047,1,0.4997,0
2015-05-08,sh.603000,58.83,60.99,58.8,60.69,12342426,742808400.0,2.232527,1,4.0638,0
2015-05-11,sh.603000,60.86,62.4,59.61,62.2,15797023,969754096.0,2.857403,1,2.4881,0
2015-05-12,sh.603000,62.28,63.6,61.51,62.43,15546985,972392912.0,2.812175,1,0.3698,0
2015-05-13,sh.603000,61.7,68.67,61.42,68.67,42207809,2840211616.0,7.634648,1,9.9952,0
2015-05-14,sh.603000,68.33,69.45,65.25,65.88,29304924,1960764928.0,5.300744,1,-4.0629,0
2015-05-15,sh.603000,66.17,66.3,63.73,64.67,16841856,1087893872.0,3.046395,1,-1.8367,0
2015-05-18,sh.603000,64.0,66.0,63.8,65.14,13525229,876185744.0,2.446475,1,0.7268,0
2015-05-19,sh.603000,65.23,67.0,64.17,66.46,15383589,1012434128.0,2.78262,1,2.0264,0
2015-05-20,sh.603000,66.33,69.99,65.8,66.62,22183565,1504783024.0,4.012615,1,0.2408,0
2015-05-21,sh.603000,66.82,68.55,65.66,68.13,18302131,1230820336.0,3.310533,1,2.2666,0
2015-05-22,sh.603000,70.0,74.94,69.89,70.66,26172526,1882554320.0,4.734148,1,3.7135,0
2015-05-25,sh.603000,69.46,75.2,68.08,73.0,26727119,1908602896.0,4.834464,1,3.3116,0
2015-05-26,sh.603000,72.2,76.34,72.19,74.98,21124503,1576157824.0,3.82105,1,2.7123,0
2015-05-27,sh.603000,74.98,75.5,72.09,74.54,17552526,1290140736.0,3.174942,1,-0.5868,0
2015-05-28,sh.603000,74.0,78.75,69.82,69.95,20725973,1549808704.0,3.748963,1,-6.1578,0
2015-05-29,sh.603000,70.1,72.7,66.07,70.46,14801351,1036490704.0,2.677303,1,0.7291,0
2015-06-01,sh.603000,70.6,74.0,70.02,73.67,14269064,1035272688.0,2.581022,1,4.5558,0
2015-06-02,sh.603000,73.75,76.49,72.88,75.97,15400295,1148896672.0,2.785642,1,3.122,0
2015-06-03,sh.603000,76.0,80.99,74.3,79.96,21222955,1657450032.0,3.838858,1,5.2521,0
2015-06-04,sh.603000,79.96,81.88,72.49,77.13,18144226,1404118336.0,3.28197,1,-3.5393,0
2015-06-05,sh.603000,78.05,79.28,74.6,75.87,14372458,1104408448.0,2.599724,1,-1.6336,0
2015-06-08,sh.603000,75.9,76.29,72.3,74.44,12523955,924527840.0,2.265362,1,-1.8848,0
2015-06-09,sh.603000,74.15,76.3,73.3,74.64,9885782,738333136.0,1.788164,1,0.2687,0
2015-06-10,sh.603000,73.8,79.26,73.3,77.96,19472568,1503220272.0,3.522244,1,4.448,0
2015-06-11,sh.603000,78.15,78.76,75.2,76.49,12365159,949837792.0,2.236639,1,-1.8856,0
2015-06-12,sh.603000,76.89,79.49,76.33,76.9,13211083,1025470448.0,2.389652,1,0.536,0
2015-06-15,sh.603000,76.7,76.7,71.0,71.27,14502830,1070791488.0,2.623306,1,-7.3212,0
2015-06-16,sh.603000,70.3,70.79,66.7,67.46,12808892,876326688.0,2.316903,1,-5.3459,0
2015-06-17,sh.603000,67.8,69.97,66.88,69.84,9207779,629950816.0,1.665525,1,3.528,0
2015-06-18,sh.603000,69.8,69.8,63.99,64.03,9775637,657911856.0,1.76824,1,-8.319,0
2015-06-19,sh.603000,64.0,64.98,58.3,59.15,11332800,701674176.0,2.049904,1,-7.6214,0
2015-06-23,sh.603000,59.81,62.29,57.34,61.98,9347388,561954832.0,1.690778,1,4.7844,0
2015-06-24,sh.603000,62.3,63.69,60.7,62.94,10657805,666419184.0,1.927809,1,1.5489,0
2015-06-25,sh.603000,63.0,63.15,57.97,58.44,11882259,721369904.0,2.149291,1,-7.1497,0
2015-06-26,sh.603000,56.9,56.9,52.6,52.6,12268042,665528656.0,2.219072,1,-9.9932,0
2015-06-29,sh.603000,53.6,56.0,47.34,47.39,16073015,805218768.0,2.907325,1,-9.9049,0
2015-06-30,sh.603000,47.98,52.13,44.4,52.13,17522182,848909040.0,3.169454,1,10.0021,0
2015-07-01,sh.603000,51.0,53.34,49.01,49.44,16440382,853192784.0,2.973775,1,-5.1602,0
2015-07-02,sh.603000,49.44,51.85,46.02,46.9,13834301,680359088.0,2.502381,1,-5.1375,0
2015-07-03,sh.603000,46.2,49.6,43.17,46.25,15919112,742359232.0,2.879486,1,-1.3859,0
2015-07-06,sh.603000,50.88,50.88,42.0,46.24,18581442,867920384.0,3.361055,1,-0.0216,0
2015-07-07,sh.603000,44.01,45.23,41.62,41.62,17649748,741955904.0,3.192528,1,-9.9914,0
2015-07-08,sh.603000,37.46,38.4,37.46,37.46,11918157,446719120.0,2.155784,1,-9.9952,0
2015-07-09,sh.603000,33.71,41.21,33.71,41.21,21888148,828991024.0,3.95918,1,10.0107,0
2015-07-10,sh.603000,42.22,45.33,42.22,45.33,13219852,590535888.0,2.391238,1,9.9976,0
2015-07-13,sh.603000,46.8,49.86,46.0,49.86,16143938,787594912.0,2.920153,1,9.9934,0
2015-07-14,sh.603000,25.4,27.28,25.0,26.89,31436861,836537616.0,2.843187,1,8.2528,0
2015-07-15,sh.603000,25.2,25.7,24.2,24.2,25586522,628829840.0,2.314075,1,-10.0037,0
2015-07-16,sh.603000,24.09,25.0,21.78,23.18,37436578,869459936.0,3.385808,1,-4.2149,0
2015-07-17,sh.603000,23.19,24.98,23.19,24.76,29436051,711549152.0,2.662231,1,6.8162,0
2015-07-20,sh.603000,24.9,26.0,24.5,25.64,40048011,1011425872.0,3.621989,1,3.5541,0
2015-07-21,sh.603000,25.4,26.18,24.7,25.64,29469965,752932112.0,2.665298,1,0.0,0
2015-07-22,sh.603000,25.2,26.22,25.09,25.69,26586746,680887488.0,2.404537,1,0.195,0
2015-07-23,sh.603000,25.64,28.16,25.58,28.1,42349164,1139337712.0,3.830108,1,9.3811,0
2015-07-24,sh.603000,28.37,28.91,26.6,27.01,44952646,1262146384.0,4.06557,1,-3.879,0
2015-07-27,sh.603000,26.02,27.22,24.31,24.31,33908280,875803344.0,3.066705,1,-9.9963,0
2015-07-28,sh.603000,22.8,24.2,21.88,22.66,31463379,715284624.0,2.845585,1,-6.7873,0
2015-07-29,sh.603000,23.5,24.6,21.91,24.42,26351029,608739456.0,2.383218,1,7.767,0
2015-07-30,sh.603000,24.0,24.51,22.85,23.15,24360383,584725280.0,2.203182,1,-5.2007,0
2015-07-31,sh.603000,22.7,23.35,21.92,22.34,16322818,369596880.0,1.476255,1,-3.4989,0
2015-08-03,sh.603000,22.0,22.26,20.11,20.54,22566357,472452352.0,2.040928,1,-8.0573,0
2015-08-04,sh.603000,20.62,22.34,20.5,22.31,21086524,453169056.0,1.90709,1,8.6173,0
2015-08-05,sh.603000,22.3,22.55,21.44,21.74,18273689,402645552.0,1.652694,1,-2.5549,0
2015-08-06,sh.603000,21.0,21.8,20.68,21.36,12062902,257169470.0,1.090983,1,-1.7479,0
2015-08-07,sh.603000,21.8,22.62,21.62,22.5,18708715,416571152.0,1.692038,1,5.3371,0
2015-08-10,sh.603000,22.85,24.75,22.58,24.51,31064428,738413472.0,2.809503,1,8.9333,0
2015-08-11,sh.603000,24.48,25.44,24.02,24.7,31094954,770584848.0,2.812264,1,0.7752,0
2015-08-12,sh.603000,24.25,24.7,23.59,23.7,24562854,591353600.0,2.221493,1,-4.0486,0
2015-08-13,sh.603000,23.4,24.6,23.3,24.53,20984672,504621392.0,1.897878,1,3.5021,0
2015-08-14,sh.603000,24.65,24.78,23.91,24.17,22043917,538775984.0,1.993678,1,-1.4676,0
2015-08-17,sh.603000,23.99,24.25,23.52,24.23,16104272,384701904.0,1.456489,1,0.2482,0
2015-08-18,sh.603000,24.4,26.33,23.45,23.49,46045986,1147309984.0,4.164453,1,-3.0541,0
2015-08-19,sh.603000,22.3,24.25,21.5,24.1,31599229,717682240.0,2.857871,1,2.5969,0
2015-08-20,sh.603000,23.8,24.25,22.83,22.86,20080731,472269136.0,1.816125,1,-5.1452,0
2015-08-21,sh.603000,22.06,22.6,21.07,21.17,18426348,403224576.0,1.666501,1,-7.3928,0
2015-08-24,sh.603000,20.0,20.59,19.05,19.05,19302335,371719200.0,1.745726,1,-10.0142,0
2015-08-25,sh.603000,17.15,17.89,17.15,17.15,18255570,314981184.0,1.651055,1,-9.9738,0
2015-08-26,sh.603000,16.99,17.85,15.44,15.45,29535889,489166784.0,2.671261,1,-9.9125,0
2015-08-27,sh.603000,16.0,16.29,14.68,16.26,22556474,354662656.0,2.040034,1,5.2427,0
2015-08-28,sh.603000,16.38,16.95,16.1,16.63,15505860,255834578.0,1.402368,1,2.2755,0
2015-08-31,sh.603000,17.01,18.29,16.75,18.29,31782438,554120560.0,2.874441,1,9.982,0
2015-09-01,sh.603000,17.58,17.71,16.5,17.49,31474716,542403984.0,2.84661,1,-4.374,0
2015-09-02,sh.603000,16.67,17.99,16.01,17.53,24181221,416826640.0,2.186978,1,0.2287,0
2015-09-07,sh.603000,17.5,18.87,17.49,17.59,14222770,257208733.0,1.286324,1,0.3423,0
2015-09-08,sh.603000,17.1,18.4,16.51,18.32,15090770,263648720.0,1.364827,1,4.1501,0
2015-09-09,sh.603000,18.3,19.38,18.03,18.84,23454131,438788336.0,2.121219,1,2.8384,0
2015-09-10,sh.603000,18.25,18.6,17.85,17.97,14766137,269742128.0,1.335467,1,-4.6178,0
2015-09-11,sh.603000,17.71,18.35,17.69,17.96,10769951,193743037.0,0.974047,1,-0.0556,0
2015-09-14,sh.603000,18.38,18.4,16.16,16.59,18862467,320730608.0,1.705944,1,-7.6281,0
2015-09-15,sh.603000,16.01,16.39,14.93,14.94,12446296,193952548.0,1.125658,1,-9.9458,0
2015-09-16,sh.603000,15.15,16.43,15.0,16.43,12972968,203777934.0,1.17329,1,9.9732,0
2015-09-17,sh.603000,16.43,17.2,16.01,16.12,18473987,306676544.0,1.670809,1,-1.8868,0
2015-09-18,sh.603000,16.3,17.5,16.0,17.18,22380420,378945968.0,2.024112,1,6.5757,0
2015-09-21,sh.603000,16.6,17.77,16.5,17.74,22398207,385775184.0,2.02572,1,3.2596,0
2015-09-22,sh.603000,17.59,17.92,17.26,17.62,18385045,323455440.0,1.662765,1,-0.6764,0
2015-09-23,sh.603000,17.18,17.54,16.78,16.9,13467321,230446122.0,1.218,1,-4.0863,0
2015-09-24,sh.603000,17.06,17.69,17.06,17.47,15874157,277132768.0,1.435677,1,3.3728,0
2015-09-25,sh.603000,17.2,17.42,16.01,16.45,13946280,233693130.0,1.261318,1,-5.8386,0
2015-09-28,sh.603000,16.59,17.27,16.15,17.12,10885628,183036150.0,0.984509,1,4.0729,0
2015-09-29,sh.603000,16.7,16.83,16.4,16.54,8735447,145051287.0,0.790044,1,-3.3878,0
2015-09-30,sh.603000,16.59,16.78,16.36,16.53,6706439,111188760.0,0.606538,1,-0.0605,0
2015-10-08,sh.603000,17.28,17.68,17.01,17.31,14802592,256316989.0,1.338764,1,4.7187,0
2015-10-09,sh.603000,17.35,17.87,17.2,17.69,17515749,307716048.0,1.584145,1,2.1953,0
2015-10-12,sh.603000,17.79,18.89,17.69,18.67,23413668,431901344.0,2.11756,1,5.5399,0
2015-10-13,sh.603000,18.45,20.54,18.35,20.54,25282842,494671696.0,2.28661,1,10.0161,0
2015-10-14,sh.603000,21.03,21.2,19.93,20.33,39529379,809025568.0,3.575084,1,-1.0224,0
2015-10-15,sh.603000,20.12,21.61,20.02,21.34,31127649,655773712.0,2.815221,1,4.968,0
2015-10-16,sh.603000,21.41,22.6,20.91,22.24,43046108,937949584.0,3.893141,1,4.2174,0
2015-10-19,sh.603000,22.14,22.15,20.89,21.32,32388818,699177712.0,2.929283,1,-4.1367,0
2015-10-20,sh.603000,21.32,21.96,21.15,21.79,20873946,452604736.0,1.887864,1,2.2045,0
2015-10-21,sh.603000,21.79,21.83,19.61,19.62,32269298,664324368.0,2.918473,1,-9.9587,0
2015-10-22,sh.603000,19.5,20.45,19.42,20.33,21051582,421243248.0,1.90393,1,3.6188,0
2015-10-23,sh.603000,20.38,21.52,20.38,21.37,27282280,575988496.0,2.467442,1,5.1156,0
2015-10-26,sh.603000,21.75,22.7,20.98,22.16,36938525,806482944.0,3.340764,1,3.6968,0
2015-10-27,sh.603000,21.55,23.41,20.82,23.12,59222203,1332186032.0,5.356126,1,4.3321,0
2015-10-28,sh.603000,23.36,25.0,22.75,23.0,65739596,1566455248.0,5.945566,1,-0.519,0
2015-10-29,sh.603000,22.6,23.26,22.22,22.67,28613932,650505680.0,2.587878,1,-1.4348,0
2015-10-30,sh.603000,22.63,22.63,21.66,21.9,21587277,476873712.0,1.952379,1,-3.3966,0
2015-11-02,sh.603000,21.21,21.88,20.88,20.92,20940233,447991216.0,1.893859,1,-4.4749,0
2015-11-03,sh.603000,21.18,21.4,20.5,21.07,13816008,290407824.0,1.249536,1,0.717,0
2015-11-04,sh.603000,21.1,22.44,21.1,22.39,24501355,536441280.0,2.215931,1,6.2648,0
2015-11-05,sh.603000,22.39,22.53,21.85,21.91,35369652,785090160.0,3.198873,1,-2.1438,0
2015-11-06,sh.603000,22.15,23.0,21.9,22.92,34287809,774958192.0,3.10103,1,4.6098,0
2015-11-09,sh.603000,22.5,23.41,22.4,23.12,34346809,789155008.0,3.106366,1,0.8726,0
2015-11-10,sh.603000,22.89,23.7,21.85,22.09,40309108,926004720.0,3.645603,1,-4.455,0
2015-11-11,sh.603000,22.38,23.2,22.3,23.09,37727607,856688880.0,3.412129,1,4.5269,0
2015-11-12,sh.603000,23.0,23.07,21.97,22.5,35360638,794387472.0,3.198058,1,-2.5552,0
2015-11-13,sh.603000,22.11,22.36,21.58,21.73,22857081,501069984.0,2.067221,1,-3.4222,0
2015-11-16,sh.603000,21.14,22.5,21.14,22.46,18052516,395656720.0,1.632691,1,3.3594,0
2015-11-17,sh.603000,22.8,22.93,21.81,21.96,29783250,668089856.0,2.693632,1,-2.2262,0
2015-11-18,sh.603000,22.08,22.33,21.6,21.75,15149717,332604400.0,1.370158,1,-0.9563,0
2015-11-19,sh.603000,21.71,22.5,21.5,22.44,19392031,429773872.0,1.753838,1,3.1724,0
2015-11-20,sh.603000,22.43,23.33,22.2,22.94,39942270,908788480.0,3.612426,1,2.2282,0
2015-11-23,sh.603000,22.82,23.36,22.41,22.57,29176265,664694784.0,2.638736,1,-1.6129,0
2015-11-24,sh.603000,22.5,22.69,21.96,22.66,18506798,413910928.0,1.673777,1,0.3988,0
2015-11-25,sh.603000,22.66,23.49,22.43,23.46,42537490,982240576.0,3.847141,1,3.5304,0
2015-11-26,sh.603000,23.5,23.52,22.57,22.99,33012162,759161856.0,2.985659,1,-2.0034,0
2015-11-27,sh.603000,22.72,23.19,20.8,21.11,28389167,629633120.0,2.56755,1,-8.1775,0
2015-11-30,sh.603000,21.05,23.22,20.8,23.22,42265056,932837200.0,3.822501,1,9.9953,0
2015-12-01,sh.603000,22.89,25.54,22.78,24.41,88695196,2177178848.0,8.021698,1,5.1249,0
2015-12-02,sh.603000,23.44,23.9,22.0,23.15,41968735,962187504.0,3.795702,1,-5.1618,0
2015-12-03,sh.603000,22.9,24.79,22.8,24.39,40061279,950151248.0,3.623189,1,5.3564,0
2015-12-04,sh.603000,23.92,24.97,23.7,24.57,49348129,1204780896.0,4.463103,1,0.738,0
2015-12-07,sh.603000,24.6,25.31,23.78,25.09,43993216,1090665104.0,3.978798,1,2.1164,0
2015-12-08,sh.603000,24.71,24.88,23.8,23.85,31409868,759547424.0,2.840745,1,-4.9422,0
2015-12-09,sh.603000,23.64,23.77,23.1,23.44,20727922,485467344.0,1.874658,1,-1.7191,0
2015-12-10,sh.603000,23.21,24.1,23.21,23.51,21227356,503654640.0,1.919827,1,0.2986,0
2015-12-11,sh.603000,23.4,23.58,22.4,22.45,23549986,537186112.0,2.129888,1,-4.5087,0
2015-12-14,sh.603000,22.15,23.08,22.01,23.02,14708748,331814096.0,1.330276,1,2.539,0
2015-12-15,sh.603000,23.08,23.89,23.01,23.6,21377743,500652720.0,1.933428,1,2.5195,0
2015-12-16,sh.603000,23.64,23.7,23.15,23.28,19110821,446655936.0,1.728405,1,-1.3559,0
2015-12-17,sh.603000,23.43,24.0,23.41,23.96,26854350,637195984.0,2.428739,1,2.921,0
2015-12-18,sh.603000,23.85,24.3,23.5,23.85,22438730,535081360.0,2.029385,1,-0.4591,0
2015-12-21,sh.603000,23.65,24.43,23.55,24.26,28602787,688424448.0,2.58687,1,1.7191,0
2015-12-22,sh.603000,24.27,24.32,23.83,24.09,20744555,497921376.0,1.876162,1,-0.7007,0
2015-12-23,sh.603000,24.26,24.36,23.3,23.54,21340659,508947216.0,1.930074,1,-2.2831,0
2015-12-24,sh.603000,23.37,24.2,23.25,24.09,19705348,468259776.0,1.782175,1,2.3364,0
2015-12-25,sh.603000,23.96,24.4,23.8,24.33,19810933,478183280.0,1.791724,1,0.9963,0
2015-12-28,sh.603000,24.31,24.8,23.2,23.25,30399230,732590256.0,2.749342,1,-4.439,0
2015-12-29,sh.603000,23.0,23.4,22.8,23.29,16895339,389599360.0,1.528034,1,0.172,0
2015-12-30,sh.603000,23.3,23.56,23.0,23.31,13007122,302825600.0,1.176379,1,0.0859,0
2015-12-31,sh.603000,23.45,23.45,22.8,22.81,12973126,299358000.0,1.173305,1,-2.145,0
2016-01-04,sh.603000,22.7,22.86,20.53,20.53,17541942,376632992.0,1.586514,1,-9.9956,0
2016-01-05,sh.603000,19.12,20.68,18.9,19.84,19970245,394168176.0,1.806132,1,-3.3609,0
2016-01-06,sh.603000,19.91,20.8,19.7,20.58,14889411,301614864.0,1.346616,1,3.7298,0
2016-01-07,sh.603000,20.0,20.0,18.52,18.52,5575975,105709027.0,0.504298,1,-10.0097,0
2016-01-08,sh.603000,18.97,19.4,17.53,18.66,18496912,348436400.0,1.672882,1,0.7559,0
2016-01-11,sh.603000,18.48,18.48,16.79,16.79,16981412,298209360.0,1.535819,1,-10.0214,0
2016-01-12,sh.603000,16.88,17.29,16.4,16.94,12504813,211079760.0,1.13095,1,0.8934,0
2016-01-13,sh.603000,17.02,17.19,15.82,15.85,15096279,250472632.0,1.365325,1,-6.4345,0
2016-01-14,sh.603000,15.4,16.75,15.03,16.57,14026870,224928317.0,1.268607,1,4.5426,0
2016-01-15,sh.603000,16.35,16.7,15.65,15.92,10784013,174220091.0,0.975319,1,-3.9227,0
2016-01-18,sh.603000,15.6,16.62,15.6,16.29,9882815,160302813.0,0.893813,1,2.3241,0
2016-01-19,sh.603000,16.29,17.09,16.19,17.0,14001197,232917203.0,1.266285,1,4.3585,0
2016-01-20,sh.603000,16.85,17.02,16.3,16.63,14682557,244316037.0,1.327908,1,-2.1765,0
2016-01-21,sh.603000,16.28,16.98,16.14,16.15,11453280,188767083.0,1.035848,1,-2.8863,0
2016-01-22,sh.603000,16.35,16.85,16.08,16.58,10139645,166476432.0,0.917041,1,2.6625,0
2016-01-25,sh.603000,16.68,16.97,16.5,16.65,9275784,155229754.0,0.838913,1,0.4222,0
2016-01-26,sh.603000,16.5,16.5,14.99,14.99,15540597,244603227.0,1.40551,1,-9.97,0
2016-01-27,sh.603000,15.08,15.35,14.0,14.68,12810047,186895295.0,1.158556,1,-2.068,0
2016-01-28,sh.603000,14.48,14.89,14.04,14.08,8183874,118792078.0,0.740159,1,-4.0872,0
2016-01-29,sh.603000,14.13,15.16,14.1,14.83,11424601,167685324.0,1.033254,1,5.3267,0
2016-02-01,sh.603000,14.83,14.94,14.32,14.58,8615345,125917011.0,0.779182,1,-1.6858,0
2016-02-02,sh.603000,14.68,15.3,14.61,15.15,9423285,141903256.0,0.852253,1,3.9095,0
2016-02-03,sh.603000,14.94,15.47,14.65,15.18,8266078,123540302.0,0.747594,1,0.198,0
2016-02-04,sh.603000,15.19,15.85,15.09,15.71,13484928,209105767.0,1.219593,1,3.4914,0
2016-02-05,sh.603000,15.62,16.1,15.4,15.57,10328647,162586113.0,0.934135,1,-0.8912,0
2016-02-15,sh.603000,14.9,16.4,14.79,16.23,16920568,265235258.0,1.530316,1,4.2389,0
2016-02-16,sh.603000,16.1,16.92,16.06,16.76,20652121,342588784.0,1.867802,1,3.2656,0
2016-02-17,sh.603000,16.7,16.95,16.42,16.87,17839012,296788800.0,1.613381,1,0.6563,0
2016-02-18,sh.603000,16.9,18.1,16.81,17.66,29877627,519230896.0,2.702168,1,4.6829,0
2016-02-19,sh.603000,17.99,18.25,17.18,17.36,28219265,496078048.0,2.552184,1,-1.6987,0
2016-02-22,sh.603000,17.62,18.47,17.38,18.18,33059932,595473776.0,2.989979,1,4.7235,0
2016-02-23,sh.603000,17.84,18.05,17.22,17.56,18776146,330397392.0,1.698137,1,-3.4103,0
2016-02-24,sh.603000,17.35,17.8,16.9,17.34,16555786,286767664.0,1.497325,1,-1.2528,0
2016-02-25,sh.603000,17.38,17.38,15.61,15.61,19872424,324071680.0,1.797285,1,-9.9769,0
2016-02-26,sh.603000,15.68,15.87,15.01,15.46,13667577,211954875.0,1.236112,1,-0.9609,0
2016-02-29,sh.603000,15.61,16.19,14.88,15.53,22947141,357612912.0,2.075366,1,0.4528,0
2016-03-01,sh.603000,15.12,15.91,14.9,15.71,17397038,267137598.0,1.573409,1,1.159,0
2016-03-02,sh.603000,15.71,16.6,15.6,16.52,20919384,338309024.0,1.891974,1,5.156,0
2016-03-03,sh.603000,16.51,16.99,16.36,16.81,24297679,404077104.0,2.197511,1,1.7554,0
2016-03-04,sh.603000,16.58,16.7,15.44,15.9,20086400,324318720.0,1.816638,1,-5.4134,0
2016-03-07,sh.603000,16.05,16.46,15.86,16.1,14008917,226408450.0,1.266983,1,1.2579,0
2016-03-08,sh.603000,16.14,16.14,15.03,15.98,11971004,186622154.0,1.082672,1,-0.7453,0
2016-03-09,sh.603000,15.48,15.79,15.4,15.53,7107802,111013210.0,0.642838,1,-2.816,0
2016-03-10,sh.603000,15.6,16.9,15.42,15.8,19688488,315795808.0,1.78065,1,1.7386,0
2016-03-11,sh.603000,15.9,16.9,15.78,16.8,38398994,632919888.0,3.47285,1,6.3291,0
2016-03-14,sh.603000,16.75,17.48,16.38,17.19,34365319,585553424.0,3.10804,1,2.3214,0
2016-03-15,sh.603000,16.89,16.99,16.5,16.61,17852758,298320144.0,1.614624,1,-3.3741,0
2016-03-16,sh.603000,16.73,16.83,16.06,16.25,13313985,218337998.0,1.204132,1,-2.1674,0
2016-03-17,sh.603000,16.28,16.85,16.16,16.78,20194903,334899696.0,1.826451,1,3.2615,0
2016-03-18,sh.603000,16.78,17.48,16.71,17.29,29565702,508364800.0,2.673957,1,3.0393,0
2016-03-21,sh.603000,17.5,18.04,17.32,17.97,29464753,517214080.0,2.664827,1,3.9329,0
2016-03-22,sh.603000,17.62,18.25,17.56,17.73,30839252,551604432.0,2.789138,1,-1.3356,0
2016-03-23,sh.603000,17.55,18.08,17.55,18.04,19480764,347045056.0,1.761863,1,1.7485,0
2016-03-24,sh.603000,17.89,18.0,17.4,17.42,19597435,346210832.0,1.772415,1,-3.4368,0
2016-03-25,sh.603000,17.42,17.59,16.86,17.22,15805877,272020368.0,1.429502,1,-1.1481,0
2016-03-28,sh.603000,17.28,17.88,17.15,17.4,19475538,341509984.0,1.761391,1,1.0453,0
2016-03-29,sh.603000,17.22,17.4,16.85,16.92,10367535,176450871.0,0.937652,1,-2.7586,0
2016-03-30,sh.603000,17.09,17.73,17.09,17.63,15118353,263153869.0,1.367322,1,4.1962,0
2016-03-31,sh.603000,17.7,18.01,17.53,17.84,20560103,365939392.0,1.85948,1,1.1912,0
2016-04-01,sh.603000,17.6,17.8,17.2,17.51,12273353,213772754.0,1.110016,1,-1.8498,0
2016-04-05,sh.603000,17.48,18.18,17.4,17.95,18135857,323645600.0,1.640228,1,2.5129,0
2016-04-06,sh.603000,17.85,17.96,17.68,17.89,12221439,217724931.0,1.105321,1,-0.3343,0
2016-04-07,sh.603000,17.98,18.02,17.4,17.4,14010656,246501997.0,1.26714,1,-2.739,0
2016-04-08,sh.603000,17.28,17.31,16.82,17.08,12156117,207174020.0,1.099414,1,-1.8391,0
2016-04-11,sh.603000,17.2,17.6,17.2,17.39,10415513,181631933.0,0.941991,1,1.815,0
2016-04-12,sh.603000,17.43,17.75,17.0,17.58,15840813,276058672.0,1.432662,1,1.0926,0
2016-04-13,sh.603000,17.58,18.17,17.52,17.83,26099259,467635168.0,2.360448,1,1.4221,0
2016-04-14,sh.603000,17.97,18.11,17.63,17.91,14808241,264393917.0,1.339275,1,0.4487,0
2016-04-15,sh.603000,17.85,17.95,17.56,17.71,12391038,219408220.0,1.12066,1,-1.1167,0
2016-04-18,sh.603000,18.18,19.23,18.18,18.64,45137982,843224720.0,4.082332,1,5.2513,0
2016-04-19,sh.603000,18.45,18.98,18.4,18.55,23803008,443938240.0,2.152772,1,-0.4828,0
2016-04-20,sh.603000,18.62,18.7,17.0,17.41,27084506,480614320.0,2.449555,1,-6.1455,0
2016-04-21,sh.603000,17.5,17.69,17.18,17.29,13449859,234564717.0,1.216421,1,-0.6893,0
2016-04-22,sh.603000,17.21,17.49,17.01,17.46,11301888,194896872.0,1.022156,1,0.9832,0
2016-04-25,sh.603000,17.46,17.46,16.9,17.12,7981894,136470589.0,0.721892,1,-1.9473,0
2016-04-26,sh.603000,17.13,17.5,17.08,17.49,9255905,159871732.0,0.837115,1,2.1612,0
2016-04-27,sh.603000,17.41,17.64,17.32,17.37,9699862,169376597.0,0.877267,1,-0.6861,0
2016-04-28,sh.603000,17.48,17.58,16.97,17.3,9735562,168125991.0,0.880496,1,-0.403,0
2016-04-29,sh.603000,17.16,17.56,17.02,17.36,9251736,160195717.0,0.836738,1,0.3468,0
2016-05-03,sh.603000,17.45,18.48,17.31,18.25,23663087,429202608.0,2.140117,1,5.1267,0
2016-05-04,sh.603000,18.25,18.6,18.16,18.2,18081637,332176128.0,1.635325,1,-0.274,0
2016-05-05,sh.603000,18.13,18.84,17.99,18.62,18166357,335541312.0,1.642987,1,2.3077,0
2016-05-06,sh.603000,18.66,18.77,17.72,17.83,16386626,298128992.0,1.482026,1,-4.2428,0
2016-05-09,sh.603000,17.63,18.29,17.35,17.61,13995667,249461162.0,1.265785,1,-1.2339,0
2016-05-10,sh.603000,17.52,17.94,17.52,17.78,8068275,143263007.0,0.729704,1,0.9654,0
2016-05-11,sh.603000,18.0,18.08,17.3,17.41,11347259,199757298.0,1.026259,1,-2.081,0
2016-05-12,sh.603000,17.08,17.09,16.51,16.73,11640353,194549250.0,1.052767,1,-3.9058,0
2016-05-13,sh.603000,16.65,16.85,16.05,16.15,13018327,213662774.0,1.177393,1,-3.4668,0
2016-05-16,sh.603000,16.15,16.38,16.07,16.36,9793854,159160445.0,0.885768,1,1.3003,0
2016-05-17,sh.603000,16.4,16.52,16.06,16.42,8768421,142878410.0,0.793026,1,0.3667,0
2016-05-18,sh.603000,16.25,16.28,15.8,15.99,7992834,128207018.0,0.722881,1,-2.6188,0
2016-05-19,sh.603000,16.13,16.44,15.99,16.06,8443044,136811270.0,0.763599,1,0.4378,0
2016-05-20,sh.603000,15.94,16.12,15.7,16.1,7379099,117824524.0,0.667374,1,0.2491,0
2016-05-23,sh.603000,16.12,16.42,16.1,16.33,8074543,131536571.0,0.730271,1,1.4286,0
2016-05-24,sh.603000,16.2,16.29,15.96,16.06,8230985,132420802.0,0.74442,1,-1.6534,0
2016-05-25,sh.603000,16.27,16.45,16.03,16.1,7467236,121302059.0,0.675346,1,0.2491,0
2016-05-26,sh.603000,16.16,16.48,16.06,16.45,11211797,182669511.0,1.014008,1,2.1739,0
2016-05-27,sh.603000,16.52,16.8,16.4,16.54,14392496,239349497.0,1.301674,1,0.5471,0
2016-05-30,sh.603000,16.4,16.41,16.04,16.21,7646217,124226392.0,0.691533,1,-1.9952,0
2016-05-31,sh.603000,16.29,17.0,16.21,16.99,16211599,270526528.0,1.466196,1,4.8118,0
2016-06-01,sh.603000,17.06,17.13,16.86,16.99,13814187,234826933.0,1.249371,1,0.0,0
2016-06-02,sh.603000,16.92,17.49,16.83,17.19,13629698,234202247.0,1.232686,1,1.1772,0
2016-06-03,sh.603000,17.16,17.39,16.94,17.16,10720471,183390698.0,0.969572,1,-0.1745,0
2016-06-06,sh.603000,17.17,17.42,16.99,17.17,10362521,177947716.0,0.937199,1,0.0583,0
2016-06-07,sh.603000,17.16,17.41,16.99,17.27,12267361,211304344.0,1.109475,1,0.5824,0
2016-06-08,sh.603000,17.28,17.42,17.1,17.16,7466597,128564405.0,0.675288,1,-0.6369,0
2016-06-13,sh.603000,16.95,16.95,15.9,15.93,14161414,233503159.0,1.280775,1,-7.1678,0
2016-06-14,sh.603000,15.81,16.04,15.5,15.8,11993503,188787112.0,1.084707,1,-0.8161,0
2016-06-15,sh.603000,15.68,16.31,15.51,16.19,12368530,198635420.0,1.118624,1,2.4684,0
2016-06-16,sh.603000,16.2,16.24,15.84,15.94,10287986,164335976.0,0.930458,1,-1.5442,0
2016-06-17,sh.603000,15.99,16.45,15.98,16.4,14741632,238577947.0,1.333251,1,2.8858,0
2016-06-20,sh.603000,16.3,16.64,16.23,16.35,15335869,251925358.0,1.386994,1,-0.3049,0
2016-06-21,sh.603000,16.47,16.55,16.05,16.13,8668660,141421528.0,0.784004,1,-1.3456,0
2016-06-22,sh.603000,16.06,16.48,15.99,16.44,13389807,216696632.0,1.21099,1,1.9219,0
2016-06-23,sh.603000,16.38,16.54,16.14,16.27,10820567,177114796.0,0.978625,1,-1.0341,0
2016-06-24,sh.603000,16.28,16.47,15.6,16.1,12260101,197509963.0,1.108818,1,-1.0449,0
2016-06-27,sh.603000,15.99,16.44,15.95,16.39,11477209,186750342.0,1.038012,1,1.8012,0
2016-06-28,sh.603000,16.3,16.71,16.22,16.61,16999859,280276096.0,1.537487,1,1.3423,0
2016-06-29,sh.603000,16.74,16.84,16.55,16.63,11169943,185872075.0,1.010223,1,0.1204,0
2016-06-30,sh.603000,16.67,16.69,16.53,16.61,10434288,173271146.0,0.943689,1,-0.1203,0
2016-07-01,sh.603000,16.7,16.83,16.56,16.57,11149232,186021859.0,1.00835,1,-0.2408,0
2016-07-04,sh.603000,16.5,16.94,16.4,16.88,13501503,226393057.0,1.221092,1,1.8708,0
2016-07-05,sh.603000,16.89,17.06,16.71,16.98,14221372,239887891.0,1.286198,1,0.5924,0
2016-07-06,sh.603000,16.87,18.68,16.75,18.68,50118378,904385248.0,4.532765,1,10.0118,0
2016-07-07,sh.603000,19.1,19.25,18.18,18.73,59333194,1111309520.0,5.366164,1,0.2677,0
2016-07-08,sh.603000,18.47,18.6,18.05,18.08,30391281,554882160.0,2.748623,1,-3.4704,0
2016-07-11,sh.603000,18.2,18.48,18.0,18.1,21590351,393762192.0,1.952657,1,0.1106,0
2016-07-12,sh.603000,18.11,18.39,17.82,18.35,19956105,362650000.0,1.804854,1,1.3812,0
2016-07-13,sh.603000,18.3,18.96,18.28,18.82,30135461,562574576.0,2.725487,1,2.5613,0
2016-07-14,sh.603000,18.88,20.25,18.58,19.48,40748078,785335664.0,3.685304,1,3.5069,0
2016-07-15,sh.603000,19.4,21.43,19.38,20.98,60287191,1240772448.0,5.452444,1,7.7002,0
2016-07-18,sh.603000,20.77,20.88,20.29,20.63,31147473,640711104.0,2.817014,1,-1.6683,0
2016-07-19,sh.603000,20.55,21.82,20.35,20.68,43225327,912777376.0,3.909349,1,0.2424,0
2016-07-20,sh.603000,20.54,20.64,19.92,20.51,24472982,497252624.0,2.213365,1,-0.8221,0
2016-07-21,sh.603000,20.45,21.09,20.24,20.6,21570362,446740192.0,1.950849,1,0.4388,0
2016-07-22,sh.603000,21.16,21.8,20.8,21.09,32612088,694110704.0,2.949476,1,2.3786,0
2016-07-25,sh.603000,20.82,21.38,20.68,20.91,15949469,335244064.0,1.442489,1,-0.8535,0
2016-07-26,sh.603000,20.8,21.27,20.58,21.21,16360933,342390080.0,1.479702,1,1.4347,0
2016-07-27,sh.603000,21.17,21.26,19.33,19.53,35022859,704328048.0,3.167509,1,-7.9208,0
2016-07-28,sh.603000,19.73,20.45,19.51,20.06,19242801,385841552.0,1.740342,1,2.7138,0
2016-07-29,sh.603000,19.99,19.99,19.52,19.7,10700898,210683108.0,0.967802,1,-1.7946,0
2016-08-01,sh.603000,19.73,19.98,19.27,19.84,14590310,287542800.0,1.319565,1,0.7107,0
2016-08-02,sh.603000,19.9,19.96,19.55,19.86,9241915,182460971.0,0.83585,1,0.1008,0
2016-08-03,sh.603000,19.9,20.25,19.75,20.04,11474407,230091449.0,1.037759,1,0.9063,0
2016-08-04,sh.603000,20.04,20.26,19.58,20.14,11697032,232570230.0,1.057893,1,0.499,0
2016-08-05,sh.603000,19.85,21.98,19.73,21.2,32585001,686457504.0,2.947026,1,5.6303,0
2016-08-08,sh.603000,21.0,21.7,20.6,21.45,18482941,392001616.0,1.671619,1,1.1792,0
2016-08-09,sh.603000,21.42,21.61,21.08,21.5,14310385,305534640.0,1.294248,1,0.2331,0
2016-08-10,sh.603000,21.4,21.51,21.07,21.14,11601499,246395004.0,1.049253,1,-1.6744,0
2016-08-11,sh.603000,21.41,21.85,20.85,20.97,18317459,393350368.0,1.656653,1,-0.8042,0
2016-08-12,sh.603000,21.3,21.54,20.6,20.92,19521353,412219264.0,1.765534,1,-0.2384,0
2016-08-15,sh.603000,20.8,21.37,20.35,21.13,22514572,471298352.0,2.036244,1,1.0038,0
2016-08-16,sh.603000,21.03,22.13,20.93,21.39,24324526,525215488.0,2.199939,1,1.2305,0
2016-08-17,sh.603000,21.4,21.41,20.76,21.1,12083401,254362502.0,1.092837,1,-1.3558,0
2016-08-18,sh.603000,20.95,21.29,20.7,20.74,11763145,245892496.0,1.063873,1,-1.7062,0
2016-08-19,sh.603000,20.83,21.09,20.69,20.77,8364532,174723589.0,0.756498,1,0.1447,0
2016-08-22,sh.603000,20.8,20.96,20.57,20.62,6088988,126362608.0,0.550695,1,-0.7222,0
2016-08-23,sh.603000,20.81,20.82,19.8,20.2,9785701,199457431.0,0.88503,1,-2.0369,0
2016-08-24,sh.603000,20.18,20.18,19.79,20.0,12457109,248509427.0,1.126636,1,-0.9901,0
2016-08-25,sh.603000,19.94,20.16,19.48,20.11,9648459,190779687.0,0.872618,1,0.55,0
2016-08-26,sh.603000,20.12,20.2,19.85,19.91,7915036,158743786.0,0.715845,1,-0.9945,0
2016-08-29,sh.603000,19.95,20.13,19.83,19.89,4497604,89720253.0,0.406769,1,-0.1005,0
2016-08-30,sh.603000,19.46,19.76,19.38,19.68,8901886,174034779.0,0.805097,1,-1.0558,0
2016-08-31,sh.603000,19.59,19.95,19.5,19.9,5735965,113627962.0,0.518767,1,1.1179,0
2016-09-01,sh.603000,19.82,19.97,19.66,19.68,3482489,69036068.0,0.31496,1,-1.1055,0
2016-09-02,sh.603000,19.67,19.85,19.5,19.8,4766171,93922730.0,0.431058,1,0.6098,0
2016-09-05,sh.603000,19.8,19.95,19.43,19.5,5527625,108480916.0,0.499925,1,-1.515148,0
2016-09-06,sh.603000,19.58,19.88,19.42,19.7,6700494,131869012.0,0.606001,1,1.025645,0
2016-09-07,sh.603000,19.66,20.24,19.66,19.93,10146326,202624868.0,0.917646,1,1.16751,0
2016-09-08,sh.603000,19.95,20.0,19.78,19.82,4173136,82826318.0,0.377423,1,-0.551935,0
2016-09-09,sh.603000,19.87,19.9,19.55,19.58,4792058,94130031.0,0.433399,1,-1.210897,0
2016-09-12,sh.603000,19.25,19.28,18.4,18.56,14061526,264149995.0,1.271741,1,-5.2094,0
2016-09-13,sh.603000,18.58,18.68,18.42,18.48,3631177,67317760.0,0.328408,1,-0.431034,0
2016-09-14,sh.603000,18.48,18.54,18.27,18.3,5002170,91820059.0,0.452402,1,-0.974028,0
2016-09-19,sh.603000,18.3,18.77,18.3,18.56,5442129,101084561.0,0.492193,1,1.420766,0
2016-09-20,sh.603000,18.58,18.91,18.37,18.81,5399335,100622948.0,0.488322,1,1.346983,0
2016-09-21,sh.603000,18.8,19.03,18.7,18.96,6763323,127800568.0,0.611683,1,0.797446,0
2016-09-22,sh.603000,19.03,19.18,18.77,18.83,6362540,120928583.0,0.575436,1,-0.68565,0
2016-09-23,sh.603000,18.87,18.97,18.3,18.35,8560206,158224056.0,0.774195,1,-2.549121,0
2016-09-26,sh.603000,18.39,18.56,18.3,18.44,7198016,132708587.0,0.650997,1,0.490464,0
2016-09-27,sh.603000,18.4,18.63,18.14,18.59,6573032,121136309.0,0.594473,1,0.813447,0
2016-09-28,sh.603000,18.68,18.68,18.4,18.43,3698656,68299963.0,0.334511,1,-0.860677,0
2016-09-29,sh.603000,18.38,18.85,18.38,18.72,6087139,113906415.0,0.550528,1,1.573516,0
2016-09-30,sh.603000,18.66,18.86,18.62,18.85,4347679,81759248.0,0.393209,1,0.69445,0
2016-10-10,sh.603000,19.1,20.17,19.09,19.79,16675070,328208112.0,1.508113,1,4.98674,0
2016-10-11,sh.603000,19.79,19.95,19.62,19.85,7047380,139559724.0,0.637373,1,0.303181,0
2016-10-12,sh.603000,19.79,19.79,19.43,19.66,11402352,223673403.0,1.031242,1,-0.957182,0
2016-10-13,sh.603000,19.6,19.91,19.52,19.89,9119313,180233883.0,0.824761,1,1.169886,0
2016-10-14,sh.603000,19.85,19.85,19.49,19.68,5443407,106834261.0,0.492308,1,-1.055802,0
2016-10-17,sh.603000,19.79,20.84,19.63,20.51,25926873,528157456.0,2.344857,1,4.217479,0
2016-10-18,sh.603000,20.35,20.56,20.1,20.51,12490713,254169963.0,1.129675,1,0.0,0
2016-10-19,sh.603000,20.36,20.75,20.25,20.42,9092792,186248950.0,0.822363,1,-0.438811,0
2016-10-20,sh.603000,20.49,20.85,20.32,20.65,9853835,203545208.0,0.891192,1,1.126344,0
2016-10-21,sh.603000,20.8,21.1,20.05,20.26,13092279,266558933.0,1.184081,1,-1.888617,0
2016-10-24,sh.603000,20.35,20.43,19.92,20.08,10480658,210270251.0,0.947883,1,-0.888452,0
2016-10-25,sh.603000,20.1,20.18,19.87,20.1,7431138,149094402.0,0.672081,1,0.099604,0
2016-10-26,sh.603000,20.07,20.3,19.7,20.19,10917571,218534612.0,0.987398,1,0.447762,0
2016-10-27,sh.603000,20.06,20.45,19.75,20.29,9091358,182976846.0,0.822233,1,0.495297,0
2016-10-28,sh.603000,20.12,20.36,19.82,19.84,5929732,118981169.0,0.536292,1,-2.217845,0
2016-10-31,sh.603000,19.74,19.74,19.32,19.37,8370598,162756249.0,0.757047,1,-2.368948,0
2016-11-01,sh.603000,19.5,19.5,18.98,19.26,12542872,240179545.0,1.134392,1,-0.567892,0
2016-11-02,sh.603000,19.2,19.27,19.04,19.17,6179547,118307601.0,0.558886,1,-0.46729,0
2016-11-03,sh.603000,19.18,19.42,18.98,19.2,9070669,174494817.0,0.820362,1,0.156498,0
2016-11-04,sh.603000,19.12,19.55,19.08,19.22,6563376,126583194.0,0.593599,1,0.104159,0
2016-11-07,sh.603000,19.22,19.35,19.0,19.29,6196042,118602297.0,0.560377,1,0.364212,0
2016-11-08,sh.603000,19.38,19.39,19.09,19.16,8436988,161751792.0,0.763051,1,-0.67393,0
2016-11-09,sh.603000,19.18,19.22,18.48,18.85,8945828,168797639.0,0.809071,1,-1.617951,0
2016-11-10,sh.603000,18.98,19.09,18.94,19.04,6052640,115152900.0,0.547408,1,1.00796,0
2016-11-11,sh.603000,19.09,19.13,18.93,19.12,7379054,140588535.0,0.66737,1,0.420168,0
2016-11-14,sh.603000,19.19,19.85,18.99,19.65,20218695,390701888.0,1.828603,1,2.77196,0
2016-11-15,sh.603000,19.5,19.58,19.27,19.45,12294002,238482275.0,1.111884,1,-1.017806,0
2016-11-16,sh.603000,19.48,20.24,19.42,19.91,21143841,419944320.0,1.912274,1,2.365034,0
2016-11-17,sh.603000,19.63,19.86,19.61,19.67,10044462,197893882.0,0.908433,1,-1.205423,0
2016-11-18,sh.603000,19.61,19.67,19.05,19.18,8935099,173075904.0,0.808101,1,-2.491102,0
2016-11-21,sh.603000,19.32,19.32,19.01,19.11,7331631,140312888.0,0.663081,1,-0.364962,0
2016-11-22,sh.603000,19.1,19.87,18.99,19.54,18077966,350080752.0,1.634993,1,2.250132,0
2016-11-23,sh.603000,19.35,19.53,19.12,19.14,10759256,206733577.0,0.97308,1,-2.047091,0
2016-11-24,sh.603000,19.14,19.19,18.8,18.86,10380142,196796670.0,0.938792,1,-1.462899,0
2016-11-25,sh.603000,18.71,19.06,18.71,19.02,5969144,113021516.0,0.539856,1,0.848356,0
2016-11-28,sh.603000,18.98,19.15,18.89,19.05,6148187,116798150.0,0.556049,1,0.157722,0
2016-11-29,sh.603000,19.08,19.3,18.96,19.01,7912241,151421180.0,0.715592,1,-0.209969,0
2016-11-30,sh.603000,19.09,19.22,18.85,18.95,6646083,126598623.0,0.60108,1,-0.315621,0
2016-12-01,sh.603000,18.98,19.44,18.8,19.15,10475568,199846507.0,0.947423,1,1.055403,0
2016-12-02,sh.603000,19.14,19.22,18.9,18.93,5269097,100234656.0,0.476543,1,-1.148821,0
2016-12-05,sh.603000,18.81,18.94,18.64,18.67,4389238,82408973.0,0.396968,1,-1.373482,0
2016-12-06,sh.603000,18.68,19.08,18.61,18.89,4909608,92447896.0,0.444031,1,1.178357,0
2016-12-07,sh.603000,18.87,19.16,18.75,19.11,5380170,102654442.0,0.486589,1,1.164644,0
2016-12-08,sh.603000,19.11,19.45,19.07,19.13,9235742,178161997.0,0.835291,1,0.10465,0
2016-12-09,sh.603000,19.14,19.54,19.03,19.44,12373086,239654701.0,1.119036,1,1.620499,0
2016-12-12,sh.603000,19.4,19.4,18.3,18.51,10124684,191454379.0,0.915688,1,-4.783952,0
2016-12-13,sh.603000,18.39,18.47,18.0,18.34,4773094,87006000.0,0.431684,1,-0.918423,0
2016-12-14,sh.603000,18.29,18.36,17.8,17.85,6491349,116789879.0,0.587085,1,-2.671755,0
2016-12-15,sh.603000,17.65,18.05,17.58,17.68,6798530,120786568.0,0.614867,1,-0.952381,0
2016-12-16,sh.603000,17.7,18.16,17.65,18.02,9011037,161189635.0,0.814969,1,1.923078,0
2016-12-19,sh.603000,17.89,18.02,17.77,17.84,4118067,73620625.0,0.372443,1,-0.998892,0
2016-12-20,sh.603000,17.88,17.95,17.72,17.86,3722470,66400524.0,0.336665,1,0.11211,0
2016-12-21,sh.603000,17.87,18.1,17.87,17.96,3874434,69648530.0,0.350408,1,0.559902,0
2016-12-22,sh.603000,18.0,18.24,17.84,18.17,5321275,96075631.0,0.481262,1,1.169271,0
2016-12-23,sh.603000,17.97,18.09,17.67,17.8,5320176,94971999.0,0.481163,1,-2.036328,0
2016-12-26,sh.603000,17.78,17.95,17.6,17.95,3828298,68075511.0,0.346236,1,0.842705,0
2016-12-27,sh.603000,17.87,18.01,17.85,17.94,2876064,51573782.0,0.260115,1,-0.055712,0
2016-12-28,sh.603000,17.94,17.95,17.7,17.75,2610134,46499310.0,0.236064,1,-1.059089,0
2016-12-29,sh.603000,17.8,17.83,17.61,17.66,3226802,57153083.0,0.291836,1,-0.507043,0
2016-12-30,sh.603000,17.66,17.81,17.55,17.66,2865858,50614125.0,0.259192,1,0.0,0
2017-01-03,sh.603000,17.6700,18.0200,17.6700,17.8800,4141448,74085573.0000,0.374557,1,1.245749,0
2017-01-04,sh.603000,17.9900,17.9900,17.8000,17.9400,4631179,82882965.0000,0.418849,1,0.335578,0
2017-01-05,sh.603000,17.9300,17.9600,17.8000,17.9400,3586164,64156145.0000,0.324337,1,0.000000,0
2017-01-06,sh.603000,17.9500,17.9800,17.6700,17.7100,4045897,71943759.0000,0.365916,1,-1.282059,0
2017-01-09,sh.603000,17.6900,17.9300,17.6200,17.7600,4474010,79423920.0000,0.404635,1,0.282333,0
2017-01-10,sh.603000,17.8000,17.9400,17.7400,17.7900,3618753,64517124.0000,0.327284,1,0.168923,0
2017-01-11,sh.603000,17.8000,17.9300,17.5800,17.5900,4540748,80399619.0000,0.410671,1,-1.124231,0
2017-01-12,sh.603000,17.5800,17.6500,16.5000,16.6300,13234335,224580758.0000,1.196929,1,-5.457652,0
2017-01-13,sh.603000,16.6200,16.6200,15.9000,16.0900,10997042,177768576.0000,0.994585,1,-3.247138,0
2017-01-16,sh.603000,16.0000,16.0900,14.9000,15.5700,9345963,145632544.0000,0.845260,1,-3.231824,0
2017-01-17,sh.603000,15.5800,15.8100,15.3100,15.7900,5066150,79155740.0000,0.458189,1,1.412975,0
2017-01-18,sh.603000,15.7400,15.7400,15.4900,15.5600,3362831,52468359.0000,0.304138,1,-1.456615,0
2017-01-19,sh.603000,15.5600,16.1800,15.4900,15.6500,7286104,114826583.0000,0.658964,1,0.578401,0
2017-01-20,sh.603000,15.5000,15.8900,15.4700,15.7700,4909553,77339191.0000,0.444026,1,0.766779,0
2017-01-23,sh.603000,15.7900,16.0200,15.7900,15.9800,4937839,78507621.0000,0.446584,1,1.331637,0
2017-01-24,sh.603000,15.9700,15.9700,15.4500,15.5700,7889819,123433994.0000,0.713565,1,-2.565706,0
2017-01-25,sh.603000,15.5200,15.7100,15.4900,15.5700,5301932,82676082.0000,0.479513,1,0.000000,0
2017-01-26,sh.603000,15.5600,15.7100,15.5000,15.6300,4083684,63781196.0000,0.369333,1,0.385359,0
2017-02-03,sh.603000,15.6600,15.7100,15.5200,15.6700,2933285,45867463.0000,0.265290,1,0.255918,0
2017-02-06,sh.603000,15.6900,16.0300,15.6800,16.0000,6196400,98309706.0000,0.560410,1,2.105934,0
2017-02-07,sh.603000,15.9600,16.2800,15.8700,16.0800,7101974,114112569.0000,0.642311,1,0.499999,0
2017-02-08,sh.603000,16.3000,16.7900,16.2000,16.5600,14958996,247200888.0000,1.352909,1,2.985072,0
2017-02-09,sh.603000,16.4200,16.5600,16.3600,16.4900,7599497,125079775.0000,0.687307,1,-0.422704,0
2017-02-10,sh.603000,16.4700,16.7100,16.3800,16.4400,6224201,102550195.0000,0.562924,1,-0.303210,0
2017-02-13,sh.603000,16.4500,16.5300,16.2400,16.5000,4805506,78876553.0000,0.434616,1,0.364960,0
2017-02-14,sh.603000,16.5000,16.5000,16.2800,16.3400,5451852,89255851.0000,0.493072,1,-0.969696,0
2017-02-15,sh.603000,16.2600,16.2600,16.0600,16.1000,6972478,112624890.0000,0.630599,1,-1.468787,0
2017-02-16,sh.603000,16.1200,16.2300,16.1000,16.1600,3603003,58214166.0000,0.325860,1,0.372667,0
2017-02-17,sh.603000,16.2000,16.2800,16.0800,16.0900,4976878,80370363.0000,0.450115,1,-0.433166,0
2017-02-20,sh.603000,16.1700,16.6500,16.0800,16.4800,13551626,221488047.0000,1.225625,1,2.423862,0
2017-02-21,sh.603000,16.4000,16.8500,16.3300,16.7400,13851151,229202881.0000,1.252714,1,1.577671,0
2017-02-22,sh.603000,16.7700,16.7900,16.5700,16.6300,7856594,130854714.0000,0.710560,1,-0.657112,0
2017-02-23,sh.603000,16.6300,16.7500,16.5600,16.6600,6214959,103431637.0000,0.562088,1,0.180401,0
2017-02-24,sh.603000,16.6500,16.9200,16.5600,16.8000,9507742,159617383.0000,0.859891,1,0.840332,0
2017-02-27,sh.603000,16.8200,17.2600,16.7300,16.9200,12166750,207198099.0000,1.100375,1,0.714291,0
2017-02-28,sh.603000,16.9500,17.2500,16.8000,17.1200,12018505,205449103.0000,1.086968,1,1.182038,0
2017-03-01,sh.603000,17.0200,17.2500,16.9300,16.9700,9460430,161512461.0000,0.855612,1,-0.876177,0
2017-03-02,sh.603000,17.0700,17.1000,16.6700,16.7200,9070203,153002338.0000,0.820320,1,-1.473188,0
2017-03-03,sh.603000,16.6200,16.8000,16.5500,16.7600,5432022,90558787.0000,0.491278,1,0.239240,0
2017-03-06,sh.603000,16.7200,16.8900,16.6500,16.8600,5070045,85105036.0000,0.458541,1,0.596661,0
2017-03-07,sh.603000,16.8500,16.8700,16.7000,16.7700,4488324,75221834.0000,0.405929,1,-0.533809,0
2017-03-08,sh.603000,16.8200,16.8500,16.6000,16.6400,4281335,71587887.0000,0.387209,1,-0.775200,0
2017-03-09,sh.603000,16.5400,16.6900,16.4300,16.4700,5187274,85721772.0000,0.469143,1,-1.021635,0
2017-03-10,sh.603000,16.5000,16.5800,16.3100,16.3500,5095193,83803131.0000,0.460815,1,-0.728591,0
2017-03-13,sh.603000,16.3500,16.4100,16.1300,16.3600,6262072,101725516.0000,0.566349,1,0.061163,0
2017-03-14,sh.603000,16.3600,16.4000,16.2300,16.2900,4218782,68789222.0000,0.381552,1,-0.427871,0
2017-03-15,sh.603000,16.2900,16.4600,16.2700,16.3500,4515968,73951106.0000,0.408429,1,0.368321,0
2017-03-16,sh.603000,16.3500,16.5700,16.3300,16.4700,6341934,104522629.0000,0.573572,1,0.733938,0
2017-03-17,sh.603000,16.5000,16.5400,16.2000,16.2500,6841518,112042149.0000,0.618755,1,-1.335758,0
2017-03-20,sh.603000,16.2600,16.3500,16.1900,16.3200,3849445,62621876.0000,0.348148,1,0.430767,0
2017-03-21,sh.603000,16.3300,16.3400,16.1200,16.2200,4650218,75400194.0000,0.420571,1,-0.612747,0
2017-03-22,sh.603000,16.1300,16.2600,16.0100,16.0500,4820396,77689314.0000,0.435962,1,-1.048089,0
2017-03-23,sh.603000,16.0300,16.1500,15.8400,15.9800,5240647,83812953.0000,0.473970,1,-0.436135,0
2017-03-24,sh.603000,15.9600,16.4300,15.9600,16.3000,7905852,128736008.0000,0.715015,1,2.002501,0
2017-03-27,sh.603000,16.3000,16.7800,16.2000,16.6200,12415571,205117598.0000,1.122879,1,1.963200,0
2017-03-28,sh.603000,16.5600,16.8100,16.3300,16.4700,7803418,129377563.0000,0.705750,1,-0.902536,0
2017-03-29,sh.603000,16.4300,16.7000,16.4100,16.4400,7752233,128457271.0000,0.701121,1,-0.182142,0
2017-03-30,sh.603000,16.3600,16.7000,16.1900,16.4900,9934965,163666175.0000,0.898530,1,0.304132,0
2017-03-31,sh.603000,16.5000,16.6400,16.3400,16.6300,7985524,131747518.0000,0.722220,1,0.848996,0
2017-04-05,sh.603000,16.5000,17.0600,16.4600,16.9500,13317778,224528514.0000,1.204476,1,1.924243,0
2017-04-06,sh.603000,16.9900,17.1200,16.8200,16.8400,11292857,191441997.0000,1.021339,1,-0.648971,0
2017-04-07,sh.603000,16.8700,17.1100,16.6600,17.0600,15212150,257288478.0000,1.375805,1,1.306409,0
2017-04-10,sh.603000,16.9000,16.9500,16.5300,16.5800,9682600,162047894.0000,0.875706,1,-2.813596,0
2017-04-11,sh.603000,16.5800,16.8200,16.3300,16.6400,9027304,149697110.0000,0.816440,1,0.361879,0
2017-04-12,sh.603000,16.7500,16.8200,16.5000,16.5300,7587073,126528842.0000,0.686184,1,-0.661050,0
2017-04-13,sh.603000,16.4600,16.5100,16.2500,16.3500,7070855,115711089.0000,0.639496,1,-1.088931,0
2017-04-14,sh.603000,16.3500,16.3700,16.0500,16.0700,7143230,115479248.0000,0.646042,1,-1.712542,0
2017-04-17,sh.603000,16.1000,16.1800,15.6700,15.7400,6555039,104311055.0000,0.592845,1,-2.053515,0
2017-04-18,sh.603000,15.7700,15.9600,15.7400,15.7700,3564123,56479360.0000,0.322343,1,0.190602,0
2017-04-19,sh.603000,15.7700,15.8800,15.5500,15.6800,4786257,75027758.0000,0.432875,1,-0.570705,0
2017-04-20,sh.603000,15.5800,15.7900,15.5800,15.7900,3562328,55897305.0000,0.322181,1,0.701528,0
2017-04-21,sh.603000,15.8100,15.8500,15.6600,15.7100,3082685,48522105.0000,0.278802,1,-0.506649,0
2017-04-24,sh.603000,15.7100,15.7100,14.9000,14.9900,6428603,97816732.0000,0.581410,1,-4.583070,0
2017-04-25,sh.603000,14.9200,15.2000,14.8000,14.9600,7858089,117536136.0000,0.710695,1,-0.200132,0
2017-04-26,sh.603000,14.9400,15.0300,14.7000,14.7200,6640917,98428983.0000,0.600612,1,-1.604277,0
2017-04-27,sh.603000,14.7300,14.8800,14.3800,14.8600,5933261,86855672.0000,0.536611,1,0.951083,0
2017-04-28,sh.603000,14.6600,14.9900,14.6500,14.8600,3515281,52153839.0000,0.317926,1,0.000000,0
2017-05-02,sh.603000,14.9000,14.9000,14.6900,14.7100,3119911,46074196.0000,0.282168,1,-1.009419,0
2017-05-03,sh.603000,14.9000,15.0400,14.7300,14.8800,5159855,76748735.0000,0.466663,1,1.155677,0
2017-05-04,sh.603000,14.8000,14.8400,14.4000,14.4600,6574210,96168712.0000,0.594579,1,-2.822581,0
2017-05-05,sh.603000,14.3500,14.4500,14.0900,14.1100,7457617,106441766.0000,0.674476,1,-2.420473,0
2017-05-08,sh.603000,14.1100,14.4500,14.0300,14.0700,5304703,75361542.0000,0.479764,1,-0.283487,0
2017-05-09,sh.603000,14.0000,14.2200,13.9300,14.1600,3838619,54038381.0000,0.347169,1,0.639660,0
2017-05-10,sh.603000,14.1300,14.2700,13.9200,13.9600,3724083,52483026.0000,0.336810,1,-1.412428,0
2017-05-11,sh.603000,13.9000,13.9900,13.1500,13.5400,5729302,77850925.0000,0.518165,1,-3.008597,0
2017-05-12,sh.603000,13.5600,13.6800,13.4000,13.4500,3249514,43846383.0000,0.293890,1,-0.664698,0
2017-05-15,sh.603000,13.5600,13.6200,13.4600,13.5200,2193154,29680859.0000,0.198351,1,0.520451,0
2017-05-16,sh.603000,13.5600,13.7900,13.3200,13.7700,4725804,64019525.0000,0.427407,1,1.849112,0
2017-05-17,sh.603000,13.7600,14.3200,13.6400,13.9500,5845381,81812387.0000,0.528663,1,1.307185,0
2017-05-18,sh.603000,13.8800,13.9900,13.7500,13.8500,3747025,52003970.0000,0.338885,1,-0.716842,0
2017-05-19,sh.603000,13.8000,13.9100,13.6500,13.7500,3136472,43143011.0000,0.283666,1,-0.722024,0
2017-05-22,sh.603000,13.7500,13.7900,13.2500,13.3000,4404854,59513990.0000,0.398380,1,-3.272726,0
2017-05-23,sh.603000,13.2300,13.4100,13.0100,13.0400,5378454,70999871.0000,0.486434,1,-1.954889,0
2017-05-24,sh.603000,13.0400,13.2000,12.8900,13.1500,3760379,49188926.0000,0.340093,1,0.843556,0
2017-05-25,sh.603000,13.1700,13.4500,13.0500,13.3200,4840674,64097229.0000,0.437796,1,1.292776,0
2017-05-26,sh.603000,13.3300,13.3900,13.2600,13.3200,3249100,43279696.0000,0.293852,1,0.000000,0
2017-05-31,sh.603000,13.5000,13.5200,13.2700,13.2700,3172089,42423329.0000,0.286887,1,-0.375370,0
2017-06-01,sh.603000,13.2500,13.2700,12.7600,12.7900,4584430,59848395.0000,0.414621,1,-3.617185,0
2017-06-02,sh.603000,12.8100,13.0100,12.7000,12.9200,4436500,57047334.0000,0.401242,1,1.016420,0
2017-06-05,sh.603000,12.9300,13.1300,12.9000,13.0000,4079092,53123824.0000,0.368918,1,0.619194,0
2017-06-06,sh.603000,12.9500,13.1800,12.9500,13.1000,3653526,47752204.0000,0.330429,1,0.769234,0
2017-06-07,sh.603000,13.1100,13.4100,13.0800,13.3500,5523306,73226010.0000,0.499534,1,1.908397,0
2017-06-08,sh.603000,13.3900,13.4200,13.2500,13.2800,4275451,56935111.0000,0.386677,1,-0.524349,0
2017-06-09,sh.603000,13.2900,13.3400,13.1800,13.2700,5502737,72985256.0000,0.497674,1,-0.075296,0
2017-06-12,sh.603000,13.1600,13.2500,12.8800,12.9000,5790250,75719265.0000,0.523677,1,-2.788250,0
2017-06-13,sh.603000,12.9000,13.2400,12.9000,13.1900,4291220,56280519.0000,0.388103,1,2.248062,0
2017-06-14,sh.603000,13.1900,13.2400,13.1000,13.2200,4906688,64608425.0000,0.443767,1,0.227450,0
2017-06-15,sh.603000,13.2100,13.5700,13.1600,13.3900,6680184,89421386.0000,0.604164,1,1.285931,0
2017-06-16,sh.603000,13.3500,13.4400,13.2700,13.3400,4185010,55804903.0000,0.378497,1,-0.373414,0
2017-06-19,sh.603000,13.3300,13.6200,13.2800,13.4900,5148546,69406739.0000,0.465641,1,1.124435,0
2017-06-20,sh.603000,13.4200,13.5000,13.3600,13.4000,4643385,62361727.0000,0.419953,1,-0.667162,0
2017-06-21,sh.603000,13.4600,13.5000,13.3000,13.3900,3165203,42345476.0000,0.286265,1,-0.074621,0
2017-06-22,sh.603000,13.4500,13.6000,13.2100,13.2200,4540276,60832087.0000,0.410628,1,-1.269605,0
2017-06-23,sh.603000,13.2300,13.3300,12.9800,13.1300,4110608,53921382.0000,0.371768,1,-0.680788,0
2017-06-26,sh.603000,13.1700,13.3000,13.1100,13.2900,3154120,41660264.0000,0.285262,1,1.218582,0
2017-06-27,sh.603000,13.2900,13.3400,13.1900,13.3000,4799573,63705648.0000,0.434079,1,0.075246,0
2017-06-28,sh.603000,13.2900,13.3000,13.1300,13.1300,3259952,42978510.0000,0.294834,1,-1.278196,0
2017-06-29,sh.603000,13.1700,13.2300,13.1100,13.1900,3868362,50894623.0000,0.349859,1,0.456965,0
2017-06-30,sh.603000,13.1000,13.2000,13.0200,13.1700,3807157,49795555.0000,0.344324,1,-0.151626,0
2017-07-03,sh.603000,13.0900,13.2200,13.0900,13.2100,2981421,39236738.0000,0.269643,1,0.303720,0
2017-07-04,sh.603000,13.1700,13.2300,13.1100,13.1400,3032300,39915221.0000,0.274245,1,-0.529899,0
2017-07-05,sh.603000,13.1500,13.8800,13.1500,13.6800,16064791,217084770.0000,1.452919,1,4.109589,0
2017-07-06,sh.603000,13.6200,13.6800,13.4500,13.4700,7899167,106759325.0000,0.714410,1,-1.535088,0
2017-07-07,sh.603000,13.4100,13.5400,13.4000,13.4900,5200172,70027273.0000,0.470310,1,0.148474,0
2017-07-10,sh.603000,13.4300,13.5000,13.3300,13.4000,4942482,66296983.0000,0.447004,1,-0.667162,0
2017-07-11,sh.603000,13.4000,13.4900,13.2100,13.2600,5761592,77050439.0000,0.521085,1,-1.044772,0
2017-07-12,sh.603000,13.2000,13.3000,12.9500,13.0600,5974539,78159983.0000,0.540344,1,-1.508294,0
2017-07-13,sh.603000,13.0700,13.3700,13.0700,13.1100,4748690,62593953.0000,0.429477,1,0.382842,0
2017-07-14,sh.603000,13.1300,13.6800,13.1200,13.5400,15065167,203415358.0000,1.362511,1,3.279942,0
2017-07-17,sh.603000,13.4000,13.6000,13.0000,13.0400,11255104,148870451.0000,1.017925,1,-3.692762,0
2017-07-18,sh.603000,13.0200,13.5700,12.8800,13.5400,9492091,126237056.0000,0.858476,1,3.834356,0
2017-07-19,sh.603000,13.4600,13.7900,13.3700,13.7400,12304379,167799148.0000,1.112823,1,1.477103,0
2017-07-20,sh.603000,13.7400,14.0600,13.6400,13.6800,11336896,156661566.0000,1.025322,1,-0.436677,0
2017-07-21,sh.603000,13.6900,13.9300,13.6300,13.7000,7072215,97260032.0000,0.639619,1,0.146195,0
2017-07-24,sh.603000,13.7200,13.9400,13.6700,13.8500,7380404,101814421.0000,0.667492,1,1.094895,0
2017-07-25,sh.603000,13.7900,13.8800,13.5200,13.6700,5858580,79973239.0000,0.529857,1,-1.299641,0
2017-07-26,sh.603000,13.6600,13.7200,13.2900,13.3800,9246111,124347690.0000,0.836229,1,-2.121433,0
2017-07-27,sh.603000,13.3000,14.0200,13.2800,13.9800,16293148,224236520.0000,1.473571,1,4.484301,0
2017-07-28,sh.603000,13.8900,13.9100,13.7100,13.7400,7726538,106633444.0000,0.698797,1,-1.716737,0
2017-07-31,sh.603000,13.8300,13.8900,13.6600,13.8100,7433400,102228354.0000,0.672285,1,0.509466,0
2017-08-01,sh.603000,13.5500,13.7900,13.5000,13.6500,7527660,102610622.0000,0.680810,1,-1.158587,0
2017-08-02,sh.603000,13.6100,13.7400,13.5100,13.5400,5355638,72965057.0000,0.484370,1,-0.805858,0
2017-08-03,sh.603000,13.4800,13.7700,13.4500,13.5600,6368658,86745133.0000,0.575989,1,0.147714,0
2017-08-04,sh.603000,13.6000,14.1700,13.4000,13.8200,14948010,206186555.0000,1.351916,1,1.917399,0
2017-08-07,sh.603000,13.6900,13.8100,13.5300,13.8000,7271194,99501622.0000,0.657615,1,-0.144714,0
2017-08-08,sh.603000,13.8900,13.9500,13.7100,13.9400,7407447,102569194.0000,0.669938,1,1.014488,0
2017-08-09,sh.603000,13.9100,13.9100,13.7300,13.7600,5824600,80438207.0000,0.526784,1,-1.007190,0
2017-08-10,sh.603000,13.7500,14.3600,13.6600,14.2600,20746323,292208544.0000,1.876322,1,3.633721,0
2017-08-11,sh.603000,14.1200,14.2000,13.8500,14.1700,13891615,195219823.0000,1.256374,1,-0.631137,0
2017-08-14,sh.603000,14.1800,14.8600,14.1200,14.6500,19819433,288009888.0000,1.792493,1,3.387435,0
2017-08-15,sh.603000,14.6000,15.3400,14.4400,15.1600,25324289,376356400.0000,2.290358,1,3.481230,0
2017-08-16,sh.603000,15.0100,15.3400,14.9300,15.0300,18220982,275387568.0000,1.647927,1,-0.857521,0
2017-08-17,sh.603000,14.9500,15.1500,14.8600,15.0800,11708817,175554324.0000,1.058959,1,0.332669,0
2017-08-18,sh.603000,14.9600,15.0500,14.6000,14.7500,11499691,170122615.0000,1.040046,1,-2.188329,0
2017-08-21,sh.603000,14.7800,14.9500,14.6400,14.8100,7384076,109026767.0000,0.667825,1,0.406782,0
2017-08-22,sh.603000,14.8400,14.9500,14.6200,14.6500,8520495,125671756.0000,0.770604,1,-1.080357,0
2017-08-23,sh.603000,14.9000,14.9300,14.4100,14.4200,8613622,125598373.0000,0.779026,1,-1.569963,0
2017-08-24,sh.603000,14.4000,14.6600,14.3400,14.5100,6739322,97708119.0000,0.609512,1,0.624134,0
2017-08-25,sh.603000,14.5200,14.7400,14.4100,14.5600,9141003,133169113.0000,0.826723,1,0.344591,0
2017-08-28,sh.603000,14.5600,14.7800,14.5000,14.6100,10475907,153632477.0000,0.947453,1,0.343401,0
2017-08-29,sh.603000,14.6500,14.8800,14.6000,14.7800,10722683,158085261.0000,0.969772,1,1.163587,0
2017-08-30,sh.603000,14.7100,14.7700,14.4500,14.4900,8522800,124401916.0000,0.770812,1,-1.962111,0
2017-08-31,sh.603000,14.4200,14.6600,14.4200,14.5300,5672069,82452703.0000,0.512989,1,0.276052,0
2017-09-01,sh.603000,14.6900,14.9600,14.6000,14.7800,14124606,208899025.0000,1.277446,1,1.720578,0
2017-09-04,sh.603000,14.7000,14.7600,14.5200,14.6500,9080414,132782994.0000,0.821243,1,-0.879568,0
2017-09-05,sh.603000,14.6700,14.9800,14.5500,14.8600,13076413,193613341.0000,1.182646,1,1.433447,0
2017-09-06,sh.603000,15.5300,15.8800,15.1000,15.1900,30463496,468369904.0000,2.755154,1,2.220726,0
2017-09-07,sh.603000,15.0000,15.2000,14.7500,14.7700,18691797,279261728.0000,1.690508,1,-2.764971,0
2017-09-08,sh.603000,14.7700,14.8400,14.4500,14.6000,11538625,168865030.0000,1.043567,1,-1.150982,0
2017-09-11,sh.603000,14.6000,14.6900,14.5000,14.6200,9129846,133320046.0000,0.825714,1,0.136983,0
2017-09-12,sh.603000,14.5700,14.6100,14.3800,14.4200,9653013,139788697.0000,0.873030,1,-1.367988,0
2017-09-13,sh.603000,14.4200,14.4600,14.1800,14.3200,8578411,122692676.0000,0.775842,1,-0.693484,0
2017-09-14,sh.603000,14.3400,14.4500,14.2700,14.4300,7477948,107505449.0000,0.676314,1,0.768161,0
2017-09-15,sh.603000,14.4000,14.4200,14.1400,14.2700,7721966,109896726.0000,0.698384,1,-1.108800,0
2017-09-18,sh.603000,14.2500,14.3200,14.1700,14.2900,6034054,86021527.0000,0.545727,1,0.140151,0
2017-09-19,sh.603000,14.2900,14.4600,14.2400,14.3600,8500578,122099569.0000,0.768802,1,0.489851,0
2017-09-20,sh.603000,14.3700,14.4500,14.1800,14.4000,6979509,99890764.0000,0.631235,1,0.278551,0
2017-09-21,sh.603000,14.3900,14.3900,14.0800,14.0900,6308205,89892285.0000,0.570521,1,-2.152774,0
2017-09-22,sh.603000,14.0800,14.4800,13.8800,14.4600,13250209,187778217.0000,1.198364,1,2.625975,0
2017-09-25,sh.603000,14.3000,14.4400,14.0400,14.0600,7848907,111758429.0000,0.709864,1,-2.766249,0
2017-09-26,sh.603000,14.0600,14.1200,13.7700,13.8500,8724010,121471374.0000,0.789010,1,-1.493599,0
2017-09-27,sh.603000,13.7600,13.9400,13.7600,13.9100,4367211,60519517.0000,0.394976,1,0.433209,0
2017-09-28,sh.603000,13.8900,13.8900,13.7600,13.8100,4585030,63372207.0000,0.414676,1,-0.718903,0
2017-09-29,sh.603000,13.7800,13.9300,13.7800,13.8400,4447180,61640789.0000,0.402208,1,0.217232,0
2017-10-09,sh.603000,13.8800,14.4300,13.8800,14.3300,11758621,166748018.0000,1.063464,1,3.540461,0
2017-10-10,sh.603000,14.2500,14.4200,14.1800,14.3400,7513491,107429780.0000,0.679529,1,0.069785,0
2017-10-11,sh.603000,14.3500,14.7000,14.2900,14.3700,14905208,215359918.0000,1.348045,1,0.209203,0
2017-10-12,sh.603000,14.3400,15.4000,14.1700,15.0900,33525431,496359722.0000,3.032079,1,5.010440,0
2017-10-13,sh.603000,14.9200,15.6800,14.8000,15.2500,42263212,645881286.0000,3.822335,1,1.060304,0
2017-10-16,sh.603000,15.1500,15.9000,14.6700,14.8100,35944807,550907133.0000,3.250891,1,-2.885243,0
2017-10-17,sh.603000,14.6600,14.6800,14.1900,14.4200,18017787,259359559.0000,1.629550,1,-2.633358,0
2017-10-18,sh.603000,14.4900,14.5400,14.0000,14.0500,13560109,193746887.0000,1.226392,1,-2.565880,0
2017-10-19,sh.603000,14.0000,14.1300,13.7300,13.8500,9697181,135028704.0000,0.877024,1,-1.423486,0
2017-10-20,sh.603000,13.8600,14.0500,13.7500,14.0100,7450875,103533400.0000,0.673866,1,1.155234,0
2017-10-23,sh.603000,13.9500,13.9500,13.6200,13.7700,9440989,129551337.0000,0.853854,1,-1.713060,0
2017-10-24,sh.603000,13.7400,13.7400,13.4400,13.5500,8185186,111068488.0000,0.740278,1,-1.597678,0
2017-10-25,sh.603000,13.5400,13.6700,13.5300,13.6200,4507303,61396359.0000,0.407646,1,0.516603,0
2017-10-26,sh.603000,13.6000,13.8100,13.6000,13.7300,5657952,77632493.0000,0.511712,1,0.807633,0
2017-10-27,sh.603000,13.7500,13.8000,13.6400,13.6600,4477801,61359946.0000,0.404978,1,-0.509830,0
2017-10-30,sh.603000,13.6400,13.6900,13.1000,13.1200,8844195,117623728.0000,0.799879,1,-3.953148,0
2017-10-31,sh.603000,13.1400,13.3000,13.1000,13.2400,3365909,44520740.0000,0.304417,1,0.914633,0
2017-11-01,sh.603000,13.3000,13.4400,13.2400,13.3000,4283828,57174598.0000,0.387434,1,0.453175,0
2017-11-02,sh.603000,13.2500,13.2900,13.1000,13.1200,4589900,60386932.0000,0.415116,1,-1.353386,0
2017-11-03,sh.603000,13.1700,13.1800,12.8000,12.9000,6700961,86822153.0000,0.606043,1,-1.676831,0
2017-11-06,sh.603000,13.0100,13.0700,12.8700,13.0500,3223906,41827161.0000,0.291574,1,1.162795,0
2017-11-07,sh.603000,13.0500,13.1500,13.0100,13.1400,3358251,43942965.0000,0.303724,1,0.689656,0
2017-11-08,sh.603000,13.1500,13.3900,13.0800,13.3900,5426614,72028996.0000,0.490789,1,1.902588,0
2017-11-09,sh.603000,13.3700,13.4500,13.2500,13.3900,4338650,57985459.0000,0.392393,1,0.000000,0
2017-11-10,sh.603000,13.3700,13.4400,13.2700,13.2900,3498904,46631917.0000,0.316445,1,-0.746829,0
2017-11-13,sh.603000,13.2900,13.3400,13.2100,13.2500,3673851,48704802.0000,0.332267,1,-0.300978,0
2017-11-14,sh.603000,13.2200,13.2500,12.9800,13.0200,4809307,62903363.0000,0.434959,1,-1.735846,0
2017-11-15,sh.603000,13.0800,13.2200,12.9700,13.1200,3095682,40563443.0000,0.279977,1,0.768045,0
2017-11-16,sh.603000,13.0100,13.3900,12.9600,13.1900,5673548,74950741.0000,0.513122,1,0.533534,0
2017-11-17,sh.603000,13.2300,13.2900,12.6000,12.6500,8663703,111425489.0000,0.783555,1,-4.094010,0
2017-11-20,sh.603000,12.6700,12.6800,12.1800,12.4500,5162608,64002187.0000,0.466912,1,-1.581026,0
2017-11-21,sh.603000,12.4300,12.6100,12.3200,12.4500,3200413,39912939.0000,0.289449,1,0.000000,0
2017-11-22,sh.603000,12.4800,12.6500,12.4100,12.4400,3176036,39771103.0000,0.287244,1,-0.080323,0
2017-11-23,sh.603000,12.5000,12.5000,12.2100,12.2300,3471712,42810021.0000,0.313986,1,-1.688103,0
2017-11-24,sh.603000,12.1000,12.3000,12.0600,12.1600,2453440,29911997.0000,0.221892,1,-0.572361,0
2017-11-27,sh.603000,12.1700,12.2500,12.0700,12.1500,2375610,28863010.0000,0.214853,1,-0.082239,0
2017-11-28,sh.603000,12.1000,12.2500,12.0800,12.2000,2253480,27462630.0000,0.203807,1,0.411524,0
2017-11-29,sh.603000,12.2800,12.2800,12.0400,12.1200,3142893,38126415.0000,0.284247,1,-0.655737,0
2017-11-30,sh.603000,12.1100,12.2600,12.0800,12.1500,3112600,37839655.0000,0.281507,1,0.247523,0
2017-12-01,sh.603000,12.1700,12.4400,12.1000,12.2300,4084147,50169822.0000,0.369375,1,0.658436,0
2017-12-04,sh.603000,12.1700,12.4300,12.1600,12.2500,3224526,39609224.0000,0.291630,1,0.163536,0
2017-12-05,sh.603000,12.1900,12.2700,11.5500,11.6700,7868106,93113648.0000,0.711601,1,-4.734693,0
2017-12-06,sh.603000,11.6200,11.7900,11.5700,11.7700,3750774,43822633.0000,0.339224,1,0.856901,0
2017-12-07,sh.603000,11.7700,11.8000,11.6500,11.7200,2245476,26334620.0000,0.203083,1,-0.424810,0
2017-12-08,sh.603000,11.7000,11.8400,11.6600,11.7800,2421293,28556310.0000,0.218985,1,0.511941,0
2017-12-11,sh.603000,11.7800,11.9800,11.7400,11.9600,3401427,40506039.0000,0.307629,1,1.528016,0
2017-12-12,sh.603000,11.9500,12.3800,11.8800,12.1200,5865116,71231262.0000,0.530448,1,1.337791,0
2017-12-13,sh.603000,12.0700,12.1200,11.8500,11.9300,3747735,44917034.0000,0.338950,1,-1.567653,0
2017-12-14,sh.603000,11.9700,11.9700,11.8200,11.8500,2543312,30245647.0000,0.230020,1,-0.670578,0
2017-12-15,sh.603000,11.8800,11.9200,11.7000,11.7600,2451762,28906726.0000,0.221740,1,-0.759495,0
2017-12-18,sh.603000,11.7400,11.8300,11.5500,11.6100,3857961,44996977.0000,0.348919,1,-1.275515,0
2017-12-19,sh.603000,11.6500,11.7700,11.6000,11.7100,2734540,31947180.0000,0.247315,1,0.861330,0
2017-12-20,sh.603000,11.6900,11.7600,11.5000,11.5400,2918778,33925403.0000,0.263978,1,-1.451751,0
2017-12-21,sh.603000,11.5300,11.5800,11.2700,11.3400,5609885,63900899.0000,0.507365,1,-1.733101,0
2017-12-22,sh.603000,11.4000,11.4000,11.2200,11.2700,3531966,39938958.0000,0.319435,1,-0.617281,0
2017-12-25,sh.603000,11.3000,11.3700,10.6600,10.7700,9199200,100699828.0000,0.831986,1,-4.436557,0
2017-12-26,sh.603000,10.7400,10.8500,10.6900,10.8200,4279062,46218632.0000,0.387003,1,0.464245,0
2017-12-27,sh.603000,10.8200,10.8600,10.7000,10.7200,3362716,36286891.0000,0.304128,1,-0.924209,0
2017-12-28,sh.603000,10.7100,10.8600,10.6400,10.7900,4164083,44830359.0000,0.376605,1,0.652982,0
2017-12-29,sh.603000,10.7600,10.9000,10.7300,10.8300,3347123,36289462.0000,0.302718,1,0.370713,0
